phase,trade_date,instrument,fwd180,rank_single,rank_ens3,rank_ens5,rank_s42,rank_s7,rank_s77,rank_s123,rank_s456
p0,2021-01-04,000009.SZ,1.3080872913992296,341,369,335,341,373,369,353,231
p0,2021-01-04,000155.SZ,2.133022170361727,356,351,315,356,401,281,357,209
p0,2021-01-04,000301.SZ,1.8524945770065075,194,175,190,194,151,177,235,213
p0,2021-01-04,000408.SZ,2.077117572692794,452,453,467,452,391,514,497,459
p0,2021-01-04,000519.SZ,0.8132820019249276,251,255,236,251,251,262,159,236
p0,2021-01-04,000537.SZ,1.4232026143790848,566,579,573,566,582,578,530,574
p0,2021-01-04,000591.SZ,0.53375,614,587,595,614,578,547,641,590
p0,2021-01-04,000629.SZ,1.0499999999999998,267,204,191,267,169,195,174,183
p0,2021-01-04,000683.SZ,3.087962962962963,195,187,167,195,182,189,111,146
p0,2021-01-04,000723.SZ,0.5079365079365079,116,71,68,116,75,48,78,64
p0,2021-01-04,000733.SZ,0.55331088664422,645,656,664,645,660,660,669,666
p0,2021-01-04,000739.SZ,0.6083226083226085,3,2,2,3,3,2,7,3
p0,2021-01-04,000807.SZ,0.8891752577319589,279,211,215,279,176,192,177,248
p0,2021-01-04,000825.SZ,1.7142857142857144,457,476,493,457,467,499,524,501
p0,2021-01-04,000831.SZ,1.6924167257264355,92,123,131,92,209,99,118,162
p0,2021-01-04,000883.SZ,0.5607235142118863,424,523,531,424,549,568,515,581
p0,2021-01-04,000893.SZ,1.1760391198044013,125,137,135,125,143,155,139,116
p0,2021-01-04,000898.SZ,0.5179153094462543,328,292,303,328,264,306,296,368
p0,2021-01-04,000937.SZ,0.9523809523809521,494,451,436,494,438,413,441,391
p0,2021-01-04,000959.SZ,0.87434554973822,478,521,508,478,548,515,500,496
p0,2021-01-04,000960.SZ,0.6225108225108222,453,446,472,453,445,436,541,462
p0,2021-01-04,000983.SZ,0.9421768707482994,352,340,339,352,353,292,327,344
p0,2021-01-04,002028.SZ,0.9010516252390057,106,96,81,106,103,87,85,67
p0,2021-01-04,002203.SZ,0.5100401606425702,557,566,565,557,559,573,539,571
p0,2021-01-04,002266.SZ,0.7069351230425056,401,413,414,401,402,438,457,353
p0,2021-01-04,002312.SZ,1.262237762237762,368,357,312,368,265,445,267,276
p0,2021-01-04,002371.SZ,0.8791180285343709,75,61,69,75,56,52,103,89
p0,2021-01-04,002466.SZ,1.2857142857142856,601,639,628,601,661,611,582,628
p0,2021-01-04,002472.SZ,1.8392621870882744,231,259,258,231,226,352,269,238
p0,2021-01-04,002738.SZ,0.9173313995649024,299,289,262,299,311,260,251,193
p0,2021-01-04,003022.SZ,2.278260869565217,98,86,75,98,70,118,94,48
p0,2021-01-04,300142.SZ,0.616187989556136,89,157,161,89,178,199,196,148
p0,2021-01-04,300274.SZ,0.8850236603146182,232,299,305,232,363,326,317,328
p0,2021-01-04,300316.SZ,0.9798761609907123,95,80,76,95,77,91,77,78
p0,2021-01-04,300339.SZ,1.7904858299595139,230,168,164,230,124,141,163,149
p0,2021-01-04,300390.SZ,2.503184713375796,480,556,545,480,505,642,507,528
p0,2021-01-04,300432.SZ,2.3551912568306013,185,190,163,185,125,265,101,139
p0,2021-01-04,300458.SZ,1.0766412213740462,200,163,152,200,159,112,128,144
p0,2021-01-04,300474.SZ,0.6412969746303081,214,176,182,214,165,150,195,188
p0,2021-01-04,300627.SZ,0.8495689655172414,30,21,16,30,25,16,16,13
p0,2021-01-04,300759.SZ,0.7685950413223142,77,92,87,77,72,164,92,83
p0,2021-01-04,300763.SZ,0.6033222591362126,165,179,171,165,257,124,162,152
p0,2021-01-04,300919.SZ,0.5478632478632479,652,612,610,652,606,569,579,620
p0,2021-01-04,600010.SH,1.6101694915254239,495,455,475,495,444,423,474,516
p0,2021-01-04,600011.SH,0.7555555555555555,334,280,286,334,267,244,315,281
p0,2021-01-04,600021.SH,0.6990154711673697,571,531,538,571,508,503,597,507
p0,2021-01-04,600025.SH,0.7360178970917226,605,616,615,605,624,609,623,595
p0,2021-01-04,600039.SH,0.8150537634408599,484,509,488,484,500,536,503,394
p0,2021-01-04,600089.SH,1.2000000000000002,625,626,618,625,603,633,596,607
p0,2021-01-04,600111.SH,2.081784386617101,283,290,265,283,299,302,266,192
p0,2021-01-04,600141.SH,2.6272241992882566,409,444,438,409,493,421,444,421
p0,2021-01-04,600160.SH,0.735688185140073,339,288,283,339,278,263,287,270
p0,2021-01-04,600171.SH,1.278011204481793,41,27,31,41,23,19,52,32
p0,2021-01-04,600188.SH,1.8537782139352306,568,593,603,568,597,608,635,604
p0,2021-01-04,600295.SH,2.130395683453238,669,663,659,669,663,650,650,655
p0,2021-01-04,600348.SH,1.0348432055749126,404,400,402,404,347,451,393,395
p0,2021-01-04,600392.SH,1.1346362649294242,520,565,533,520,605,554,483,515
p0,2021-01-04,600460.SH,1.1518264840182648,492,487,486,492,440,519,400,562
p0,2021-01-04,600483.SH,1.2641509433962264,513,543,530,513,540,562,532,523
p0,2021-01-04,600499.SH,1.2506925207756234,437,419,428,437,364,462,420,476
p0,2021-01-04,600515.SH,0.7019089574155655,483,492,470,483,478,496,419,444
p0,2021-01-04,600563.SH,0.6018071760680763,110,141,151,110,128,187,216,112
p0,2021-01-04,600582.SH,0.6019417475728157,428,300,337,428,212,307,402,361
p0,2021-01-04,600808.SH,0.853932584269663,527,510,511,527,490,508,536,510
p0,2021-01-04,600816.SH,2.3793103448275867,418,409,387,418,410,393,271,430
p0,2021-01-04,600863.SH,0.55859375,654,649,647,654,610,663,634,654
p0,2021-01-04,600875.SH,0.6038961038961039,395,342,357,395,312,315,391,367
p0,2021-01-04,600884.SH,0.7895586652314319,384,414,447,384,446,411,525,452
p0,2021-01-04,600970.SH,0.643059490084986,582,567,589,582,511,596,601,591
p0,2021-01-04,601001.SH,0.9037854889589907,332,322,336,332,335,291,334,356
p0,2021-01-04,601016.SH,0.9018567639257293,648,638,642,648,630,621,649,624
p0,2021-01-04,601058.SH,0.6867469879518071,127,142,136,127,157,139,87,184
p0,2021-01-04,601117.SH,0.8,482,482,483,482,462,490,499,460
p0,2021-01-04,601127.SH,2.3874345549738214,370,445,435,370,527,432,382,466
p0,2021-01-04,601567.SH,1.3464912280701755,463,430,444,463,396,443,416,520
p0,2021-01-04,601600.SH,1.0952380952380953,477,457,465,477,358,541,426,504
p0,2021-01-04,601618.SH,0.5627240143369177,591,604,611,591,591,625,615,629
p0,2021-01-04,601666.SH,0.9016393442622952,439,447,454,439,455,447,447,474
p0,2021-01-04,601669.SH,1.1709183673469385,612,637,632,612,626,645,630,622
p0,2021-01-04,601699.SH,1.1338345864661652,472,511,513,472,520,528,517,530
p0,2021-01-04,601898.SH,0.9660633484162895,611,597,604,611,599,583,620,612
p0,2021-01-04,603077.SH,1.6524822695035466,446,388,378,446,328,399,409,310
p0,2021-01-04,603260.SH,4.400422450211225,135,100,122,135,59,148,155,172
p0,2021-01-04,603290.SH,0.5662169713419014,657,657,640,657,646,661,578,582
p0,2021-01-04,603486.SH,0.7539414414414416,4,5,9,4,7,5,11,18
p0,2021-01-04,603650.SH,0.5105979120531479,42,51,42,42,55,64,38,27
p0,2021-01-04,603688.SH,0.5030927835051549,432,335,375,432,220,380,433,429
p0,2021-01-04,603893.SH,0.663031624863686,37,47,51,37,50,57,63,57
p0,2021-01-04,688037.SH,1.1553479682391408,166,131,104,166,123,109,57,90
p0,2021-01-04,688065.SH,0.7068468867715487,233,224,257,233,229,220,321,314
p0,2021-01-04,688188.SH,0.5420282579071936,38,37,34,38,35,33,39,21
p0,2021-01-04,688301.SH,1.3440281030444963,74,75,78,74,44,158,55,138
p0,2021-01-04,688599.SH,1.0761274306992137,600,592,568,600,592,574,490,532
p0,2021-02-01,000009.SZ,1.6509040333796938,106,122,133,106,85,183,142,127
p0,2021-02-01,000155.SZ,0.8515950069348128,149,171,149,149,169,222,111,110
p0,2021-02-01,000301.SZ,0.7301927194860813,340,296,278,340,291,271,233,276
p0,2021-02-01,000408.SZ,2.1584948688711516,590,602,583,590,612,606,507,575
p0,2021-02-01,000519.SZ,1.9005405405405402,129,135,151,129,123,157,200,160
p0,2021-02-01,000537.SZ,1.850909090909091,580,579,582,580,575,575,586,586
p0,2021-02-01,000591.SZ,0.6038338658146964,543,532,532,543,503,543,528,507
p0,2021-02-01,000629.SZ,1.0051546391752577,206,190,213,206,189,180,247,265
p0,2021-02-01,000630.SZ,0.5665236051502145,466,400,382,466,339,380,313,410
p0,2021-02-01,000657.SZ,1.0211800302571858,369,319,314,369,311,287,331,309
p0,2021-02-01,000683.SZ,2.4951923076923075,285,215,232,285,202,169,236,288
p0,2021-02-01,000723.SZ,0.5277777777777779,140,100,111,140,124,56,151,100
p0,2021-02-01,000733.SZ,0.7801268498942915,522,522,502,522,500,526,511,427
p0,2021-02-01,000807.SZ,0.5458115183246075,273,263,266,273,246,278,293,269
p0,2021-02-01,000825.SZ,1.0883977900552484,591,587,590,591,569,596,593,587
p0,2021-02-01,000831.SZ,1.0552818828680897,477,432,437,477,359,451,464,437
p0,2021-02-01,000887.SZ,0.7346115035317862,16,11,11,16,18,8,9,12
p0,2021-02-01,000893.SZ,1.0022497187851518,221,256,251,221,305,281,283,215
p0,2021-02-01,000937.SZ,0.9785276073619633,467,399,421,467,326,392,451,454
p0,2021-02-01,000959.SZ,0.5374331550802138,515,487,505,515,460,482,552,486
p0,2021-02-01,000983.SZ,1.0684647302904566,331,323,342,331,276,359,349,388
p0,2021-02-01,002028.SZ,0.8948365703458077,295,214,225,295,160,204,266,208
p0,2021-02-01,002049.SZ,0.7798565894667435,210,205,196,210,222,186,214,158
p0,2021-02-01,002074.SZ,0.6221272047033672,500,515,500,500,480,551,513,429
p0,2021-02-01,002273.SZ,0.5194312796208531,328,391,401,328,434,396,407,431
p0,2021-02-01,002312.SZ,1.0757180156657964,217,216,215,217,181,261,197,241
p0,2021-02-01,002335.SZ,1.113486005089059,58,41,38,58,48,28,28,47
p0,2021-02-01,002371.SZ,0.9184613099658399,96,108,132,96,148,87,182,131
p0,2021-02-01,002466.SZ,0.6695099818511796,524,535,534,524,539,517,553,480
p0,2021-02-01,002472.SZ,2.069160997732426,247,287,247,247,416,242,187,218
p0,2021-02-01,002709.SZ,0.5690021231422506,225,185,174,225,168,178,170,169
p0,2021-02-01,002738.SZ,0.9072847682119207,70,68,59,70,64,70,36,83
p0,2021-02-01,002756.SZ,0.9661222020568663,153,151,157,153,183,105,123,197
p0,2021-02-01,002837.SZ,1.4521880064829822,103,105,112,103,128,89,116,117
p0,2021-02-01,002850.SZ,1.0942195059842117,15,24,27,15,36,23,42,19
p0,2021-02-01,003022.SZ,0.9035714285714285,346,320,291,346,220,401,270,255
p0,2021-02-01,003035.SZ,0.7058823529411764,455,480,460,455,482,496,421,433
p0,2021-02-01,300037.SZ,0.59720908230842,42,33,30,42,34,31,23,32
p0,2021-02-01,300207.SZ,0.7437735849056604,246,229,214,246,230,212,171,226
p0,2021-02-01,300223.SZ,1.1784457478005863,457,397,355,457,370,348,280,299
p0,2021-02-01,300274.SZ,0.5800990916597855,348,382,336,348,368,414,279,273
p0,2021-02-01,300316.SZ,0.8594660194174757,89,89,81,89,91,93,68,78
p0,2021-02-01,300339.SZ,2.0810185185185186,249,225,221,249,194,239,242,188
p0,2021-02-01,300346.SZ,0.5562426383981154,565,568,573,565,600,523,589,569
p0,2021-02-01,300390.SZ,2.3233676975945015,291,342,284,291,389,343,186,268
p0,2021-02-01,300432.SZ,3.4934086629001886,63,109,100,63,162,107,81,120
p0,2021-02-01,300458.SZ,1.1256775067750677,194,179,200,194,178,172,198,270
p0,2021-02-01,300474.SZ,1.037450089494699,404,398,380,404,312,460,360,346
p0,2021-02-01,300487.SZ,0.7779886148007591,2,2,1,2,2,4,3,1
p0,2021-02-01,300627.SZ,0.8474272930648767,12,23,29,12,42,22,51,26
p0,2021-02-01,300750.SZ,0.8268489709702282,256,281,260,256,270,336,229,263
p0,2021-02-01,300919.SZ,0.7305882352941175,536,494,455,536,401,541,321,474
p0,2021-02-01,600010.SH,1.3451327433628322,599,599,598,599,589,601,592,591
p0,2021-02-01,600011.SH,0.7772277227722773,422,521,543,422,568,533,577,560
p0,2021-02-01,600021.SH,0.5074183976261126,636,655,656,636,656,660,663,653
p0,2021-02-01,600039.SH,1.1144578313253009,494,462,510,494,484,415,550,568
p0,2021-02-01,600089.SH,0.8625776397515525,598,658,669,598,670,669,673,669
p0,2021-02-01,600111.SH,1.6825396825396823,668,669,671,668,668,661,639,673
p0,2021-02-01,600141.SH,2.212969786293294,245,272,290,245,331,260,341,323
p0,2021-02-01,600150.SH,0.533685601056803,412,409,422,412,373,420,452,432
p0,2021-02-01,600160.SH,0.5924695459579183,364,372,365,364,441,294,340,361
p0,2021-02-01,600171.SH,1.1296426068675545,146,168,191,146,206,173,309,165
p0,2021-02-01,600188.SH,1.8514285714285714,533,502,514,533,469,501,479,554
p0,2021-02-01,600295.SH,1.5604982206405693,433,425,439,433,351,474,417,512
p0,2021-02-01,600348.SH,1.3659043659043664,395,387,406,395,357,413,370,489
p0,2021-02-01,600378.SH,0.5323571091166743,71,77,77,71,106,79,84,57
p0,2021-02-01,600460.SH,1.689594356261023,314,348,323,314,396,319,257,320
p0,2021-02-01,600483.SH,1.123076923076923,586,609,620,586,597,629,598,661
p0,2021-02-01,600499.SH,0.9936305732484079,360,375,363,360,392,350,323,364
p0,2021-02-01,600563.SH,0.8880037932669511,108,115,113,108,116,124,96,121
p0,2021-02-01,600765.SH,1.027239392352017,318,314,286,318,323,307,230,286
p0,2021-02-01,600808.SH,0.6031128404669261,576,572,565,576,524,598,562,531
p0,2021-02-01,600816.SH,1.8205128205128207,498,441,465,498,426,400,547,435
p0,2021-02-01,600863.SH,0.5044247787610621,644,653,662,644,657,648,669,667
p0,2021-02-01,600884.SH,1.1378917378917381,226,197,184,226,175,195,184,170
p0,2021-02-01,600995.SH,1.914421553090333,284,280,311,284,256,295,395,338
p0,2021-02-01,601001.SH,1.2773109243697478,410,324,300,410,257,302,274,281
p0,2021-02-01,601016.SH,0.7448453608247423,505,506,493,505,515,499,448,505
p0,2021-02-01,601058.SH,0.515495867768595,266,277,272,266,224,360,235,325
p0,2021-02-01,601117.SH,0.9429590017825311,640,627,621,640,599,641,605,605
p0,2021-02-01,601127.SH,3.0132770066385035,556,538,539,556,504,545,534,529
p0,2021-02-01,601238.SH,0.5938989513822688,401,390,378,401,345,421,389,321
p0,2021-02-01,601567.SH,1.1954022988505746,656,621,630,656,621,583,646,638
p0,2021-02-01,601600.SH,0.8256880733944953,516,483,499,516,461,464,490,538
p0,2021-02-01,601615.SH,0.5341463414634147,323,305,330,323,321,283,393,319
p0,2021-02-01,601633.SH,0.5421263791374122,447,481,487,447,541,441,475,527
p0,2021-02-01,601666.SH,0.8032786885245904,512,489,503,512,474,485,522,495
p0,2021-02-01,601669.SH,1.0789473684210527,663,660,649,663,642,657,641,636
p0,2021-02-01,601699.SH,1.421532846715328,607,596,576,607,570,599,559,524
p0,2021-02-01,601877.SH,0.502632964718273,236,282,297,236,362,269,316,351
p0,2021-02-01,601898.SH,0.7254901960784315,645,647,657,645,627,663,666,666
p0,2021-02-01,603077.SH,1.5954198473282442,375,301,338,375,299,256,364,414
p0,2021-02-01,603260.SH,2.669412288512912,9,16,22,9,24,14,32,28
p0,2021-02-01,603290.SH,1.0591883749778486,213,247,275,213,233,318,348,312
p0,2021-02-01,603379.SH,0.5389768574908647,368,369,391,368,399,323,409,424
p0,2021-02-01,603486.SH,0.6549484803879124,54,47,50,54,39,58,33,80
p0,2021-02-01,603568.SH,0.5039503386004516,228,196,197,228,214,154,211,183
p0,2021-02-01,603596.SH,0.7479363207547169,27,31,31,27,33,38,50,16
p0,2021-02-01,603606.SH,0.7259668508287294,36,36,33,36,50,24,17,45
p0,2021-02-01,603650.SH,0.8355429292929293,57,65,74,57,70,77,61,123
p0,2021-02-01,603659.SH,0.6392514395393474,5,4,4,5,5,3,5,8
p0,2021-02-01,603688.SH,2.142857142857143,278,330,321,278,335,381,342,272
p0,2021-02-01,603893.SH,0.9322548028311424,107,124,122,107,90,179,107,132
p0,2021-02-01,603979.SH,0.577724358974359,52,64,65,52,80,69,113,41
p0,2021-02-01,688037.SH,0.8661877394636015,127,106,127,127,98,95,125,182
p0,2021-02-01,688065.SH,0.8529819694868239,357,308,301,357,354,238,318,274
p0,2021-02-01,688301.SH,1.5776215582893967,166,159,160,166,180,136,100,204
p0,2021-02-01,688599.SH,1.9853951890034365,582,584,589,582,567,593,565,623
p0,2021-03-08,000009.SZ,0.9408482142857142,396,357,368,396,352,321,422,329
p0,2021-03-08,000155.SZ,1.5042301184433167,193,155,138,193,126,176,115,116
p0,2021-03-08,000301.SZ,0.9635787806809184,469,463,429,469,444,452,456,342
p0,2021-03-08,000400.SZ,0.7871222076215505,145,161,168,145,183,173,261,118
p0,2021-03-08,000408.SZ,2.032657657657657,609,618,612,609,612,637,570,623
p0,2021-03-08,000519.SZ,2.1804180418041805,90,134,135,90,157,151,193,134
p0,2021-03-08,000537.SZ,2.5421686746987953,633,613,608,633,607,606,574,608
p0,2021-03-08,000591.SZ,0.5277777777777777,524,562,578,524,562,592,592,581
p0,2021-03-08,000629.SZ,0.695067264573991,340,355,383,340,382,330,449,421
p0,2021-03-08,000657.SZ,1.2169696969696968,623,587,557,623,575,543,496,555
p0,2021-03-08,000683.SZ,1.9353612167300382,233,299,299,233,332,333,317,271
p0,2021-03-08,000723.SZ,0.9361147327249022,116,101,110,116,104,85,125,140
p0,2021-03-08,000733.SZ,1.2642260246717072,380,332,290,380,273,350,218,227
p0,2021-03-08,000738.SZ,0.5816272965879263,260,222,201,260,228,192,156,200
p0,2021-03-08,000739.SZ,0.6251487504958348,2,3,3,2,6,4,7,4
p0,2021-03-08,000776.SZ,0.5076045627376427,439,475,472,439,474,492,473,420
p0,2021-03-08,000825.SZ,0.6976744186046513,550,573,580,550,563,584,601,572
p0,2021-03-08,000831.SZ,1.0256171401956218,527,488,499,527,442,470,497,534
p0,2021-03-08,000887.SZ,1.1737451737451736,46,26,19,46,29,21,21,8
p0,2021-03-08,000893.SZ,0.9086491739552967,417,405,385,417,383,433,350,365
p0,2021-03-08,000937.SZ,0.6306818181818183,455,444,488,455,397,473,539,527
p0,2021-03-08,000959.SZ,0.5308056872037916,599,595,596,599,565,602,606,584
p0,2021-03-08,000983.SZ,0.5783365570599615,252,205,210,252,192,191,225,192
p0,2021-03-08,002025.SZ,0.675920084121977,82,114,105,82,101,166,100,104
p0,2021-03-08,002028.SZ,1.1125776397515525,268,267,224,268,272,263,175,187
p0,2021-03-08,002049.SZ,1.2284069097888675,167,172,174,167,181,172,174,188
p0,2021-03-08,002074.SZ,0.9351483634138882,529,557,551,529,578,575,563,530
p0,2021-03-08,002179.SZ,0.6057324840764333,422,429,436,422,447,423,460,426
p0,2021-03-08,002241.SZ,0.6283213504220071,62,105,101,62,145,114,122,82
p0,2021-03-08,002312.SZ,0.7984981226533165,185,262,306,185,340,258,425,321
p0,2021-03-08,002335.SZ,1.4613289760348582,60,87,88,60,98,127,75,106
p0,2021-03-08,002371.SZ,1.3131931398097088,58,91,103,58,92,157,144,103
p0,2021-03-08,002432.SZ,1.5501222493887532,317,324,350,317,296,363,360,422
p0,2021-03-08,002436.SZ,0.6516613076098607,158,108,116,158,90,75,106,158
p0,2021-03-08,002460.SZ,0.8153863232682061,174,229,232,174,327,201,221,236
p0,2021-03-08,002466.SZ,2.006390593047035,502,471,477,502,428,468,485,476
p0,2021-03-08,002472.SZ,2.25704989154013,331,362,339,331,354,390,343,278
p0,2021-03-08,002594.SZ,0.7276070842528151,291,280,284,291,265,286,307,283
p0,2021-03-08,002709.SZ,0.5641260744985672,85,55,61,85,32,50,69,99
p0,2021-03-08,002738.SZ,1.629268292682927,38,47,44,38,61,38,36,47
p0,2021-03-08,002756.SZ,2.543,99,152,164,99,184,181,194,184
p0,2021-03-08,002821.SZ,1.0414746543778803,94,88,83,94,83,103,72,89
p0,2021-03-08,002837.SZ,1.4468884120171674,223,249,240,223,276,245,209,246
p0,2021-03-08,002850.SZ,1.5997629980743588,12,36,38,12,64,53,44,46
p0,2021-03-08,002920.SZ,0.6155900922778048,139,185,193,139,247,180,206,219
p0,2021-03-08,003022.SZ,0.6011029411764706,271,272,228,271,285,275,153,195
p0,2021-03-08,300014.SZ,0.9297297297297298,97,81,89,97,80,88,97,98
p0,2021-03-08,300037.SZ,0.5789889415481833,11,14,10,11,11,23,5,5
p0,2021-03-08,300073.SZ,1.4469747711542755,182,184,176,182,197,183,185,147
p0,2021-03-08,300142.SZ,0.5549713193116634,229,314,315,229,392,331,278,354
p0,2021-03-08,300207.SZ,1.3065825067628491,336,328,307,336,330,314,316,233
p0,2021-03-08,300223.SZ,1.0794202023252302,363,400,403,363,373,478,382,419
p0,2021-03-08,300274.SZ,1.2743425728500357,410,430,449,410,435,450,480,444
p0,2021-03-08,300316.SZ,1.0790346907993968,107,103,92,107,124,76,84,92
p0,2021-03-08,300339.SZ,2.2782212086659066,259,265,257,259,235,294,236,254
p0,2021-03-08,300346.SZ,0.7762012254111574,485,528,530,485,551,555,560,496
p0,2021-03-08,300373.SZ,0.8901486520534139,47,50,41,47,51,55,40,27
p0,2021-03-08,300390.SZ,3.2710100231303008,224,236,227,224,174,328,213,215
p0,2021-03-08,300395.SZ,0.6731568016614744,87,104,100,87,142,90,82,120
p0,2021-03-08,300432.SZ,2.8601472134595163,159,201,190,159,229,210,217,155
p0,2021-03-08,300458.SZ,1.4554054054054055,186,140,143,186,85,174,128,169
p0,2021-03-08,300474.SZ,1.4914442162902124,522,523,521,522,516,538,483,528
p0,2021-03-08,300487.SZ,1.1113941639647984,8,4,5,8,2,3,1,16
p0,2021-03-08,300604.SZ,0.6134648868253048,84,95,95,84,122,97,133,63
p0,2021-03-08,300627.SZ,0.9431569742020112,216,173,161,216,159,167,143,146
p0,2021-03-08,300679.SZ,0.6773905272564791,39,30,31,39,25,39,32,21
p0,2021-03-08,300750.SZ,1.2032786885245903,348,318,331,348,338,284,400,265
p0,2021-03-08,300751.SZ,0.6973985680190931,20,10,11,20,9,7,16,14
p0,2021-03-08,300757.SZ,0.8598746081504702,457,439,421,457,405,458,378,413
p0,2021-03-08,300759.SZ,0.7055555555555555,105,79,80,105,74,79,86,90
p0,2021-03-08,300763.SZ,0.7870668095748483,15,13,18,15,8,22,27,34
p0,2021-03-08,300919.SZ,1.84705035971223,536,537,508,536,537,546,500,401
p0,2021-03-08,600011.SH,0.5216400911161732,540,510,519,540,491,501,545,503
p0,2021-03-08,600038.SH,0.5101052631578948,190,199,177,190,214,195,159,141
p0,2021-03-08,600039.SH,1.2847100175746924,604,629,620,604,640,614,618,612
p0,2021-03-08,600089.SH,1.0575342465753428,660,659,658,660,663,653,660,652
p0,2021-03-08,600111.SH,1.3639212175470008,672,675,675,672,675,674,670,675
p0,2021-03-08,600132.SH,0.515570934256055,110,72,71,110,66,48,70,68
p0,2021-03-08,600141.SH,2.1267710663683816,594,625,627,594,649,609,631,630
p0,2021-03-08,600150.SH,0.5199228791773778,354,375,377,354,312,446,355,430
p0,2021-03-08,600160.SH,0.5543735224586288,580,555,553,580,573,512,520,568
p0,2021-03-08,600171.SH,0.8931710615280597,251,304,295,251,318,357,255,285
p0,2021-03-08,600188.SH,1.018723404255319,552,521,531,552,471,528,575,517
p0,2021-03-08,600348.SH,1.1696606786427144,468,434,426,468,400,434,428,416
p0,2021-03-08,600378.SH,0.8042553191489361,254,202,182,254,172,188,164,161
p0,2021-03-08,600406.SH,0.5409345794392524,346,404,410,346,399,466,379,482
p0,2021-03-08,600436.SH,0.6910489728969773,144,148,158,144,151,140,152,235
p0,2021-03-08,600460.SH,1.4173712528823983,497,414,425,497,364,391,495,402
p0,2021-03-08,600483.SH,0.5656154628687691,496,515,510,496,504,552,488,521
p0,2021-03-08,600499.SH,1.7072072072072069,513,530,527,513,511,573,515,520
p0,2021-03-08,600522.SH,0.5446735395189004,337,352,340,337,390,316,301,340
p0,2021-03-08,600563.SH,1.7194656488549622,86,84,94,86,108,84,124,91
p0,2021-03-08,600765.SH,2.0073937153419594,130,109,117,130,67,137,205,85
p0,2021-03-08,600816.SH,1.0294117647058827,593,585,583,593,611,536,595,553
p0,2021-03-08,600863.SH,0.5394190871369293,657,662,663,657,659,660,672,653
p0,2021-03-08,600875.SH,0.5860172820109977,567,544,564,567,550,510,580,596
p0,2021-03-08,600884.SH,1.334740651387214,232,286,280,232,345,276,300,253
p0,2021-03-08,600885.SH,0.5367030201342282,49,44,43,49,46,34,46,45
p0,2021-03-08,600995.SH,1.3771676300578033,368,349,346,368,334,338,279,410
p0,2021-03-08,601001.SH,0.7381889763779528,360,290,303,360,223,277,340,301
p0,2021-03-08,601016.SH,0.7422680412371134,635,621,617,635,606,616,607,610
p0,2021-03-08,601117.SH,0.6358208955223881,652,653,653,652,644,661,656,642
p0,2021-03-08,601127.SH,2.1228558182661104,437,412,402,437,388,407,351,433
p0,2021-03-08,601238.SH,0.5376549094375596,384,420,406,384,508,379,387,381
p0,2021-03-08,601567.SH,1.4589147286821702,538,548,566,538,549,568,650,508
p0,2021-03-08,601615.SH,0.7463810075275044,290,343,329,290,321,415,282,336
p0,2021-03-08,601633.SH,1.0114702815432741,247,264,250,247,234,302,268,178
p0,2021-03-08,601666.SH,0.5355086372360844,430,461,482,430,455,476,501,510
p0,2021-03-08,601669.SH,0.7015306122448979,663,654,656,663,636,654,646,668
p0,2021-03-08,601689.SH,0.9811602870813398,117,150,154,117,230,128,204,133
p0,2021-03-08,601699.SH,0.8528428093645484,532,522,534,532,524,508,554,552
p0,2021-03-08,601865.SH,0.5918880114860015,77,34,35,77,21,27,43,33
p0,2021-03-08,601877.SH,0.521049596309112,255,293,297,255,297,329,267,325
p0,2021-03-08,601919.SH,0.7765072765072767,503,534,512,503,547,553,409,529
p0,2021-03-08,603077.SH,1.2272727272727275,311,327,294,311,341,341,256,218
p0,2021-03-08,603260.SH,2.178021978021978,28,35,30,28,41,40,26,20
p0,2021-03-08,603290.SH,1.4315477736790148,238,187,173,238,154,187,158,152
p0,2021-03-08,603486.SH,0.6549410329402197,74,65,73,74,78,44,78,95
p0,2021-03-08,603568.SH,0.5971428571428572,305,270,293,305,290,212,297,346
p0,2021-03-08,603596.SH,1.1892834495878248,10,20,23,10,23,31,29,40
p0,2021-03-08,603606.SH,1.5196706312900274,5,5,2,5,3,5,4,1
p0,2021-03-08,603659.SH,1.0118778280542986,9,6,6,9,1,12,2,11
p0,2021-03-08,603688.SH,2.427762039660057,316,321,326,316,323,335,318,349
p0,2021-03-08,603728.SH,0.8354860639021073,68,77,60,68,71,98,50,42
p0,2021-03-08,603766.SH,0.5584795321637428,425,379,396,425,278,420,477,391
p0,2021-03-08,603799.SH,0.9366642174871418,458,469,484,458,409,518,490,492
p0,2021-03-08,603806.SH,0.570614312856238,276,285,266,276,212,353,229,269
p0,2021-03-08,603893.SH,1.1027220630372496,73,86,91,73,107,101,77,115
p0,2021-03-08,688017.SH,0.8196868008948546,504,525,517,504,555,516,535,449
p0,2021-03-08,688018.SH,0.7274432884188982,168,220,216,168,264,232,202,225
p0,2021-03-08,688037.SH,1.5428308612165114,183,203,196,183,248,184,197,190
p0,2021-03-08,688065.SH,0.990507089641913,325,353,370,325,353,373,376,405
p0,2021-03-08,688122.SH,0.954044499896028,63,43,52,63,16,51,59,72
p0,2021-03-08,688301.SH,2.0525238744884042,355,320,305,355,363,248,276,261
p0,2021-03-08,688568.SH,0.6083086053412463,446,489,500,446,496,505,537,497
p0,2021-03-08,688599.SH,2.7786056412985634,202,135,155,202,110,112,203,183
p0,2021-03-08,688617.SH,0.6322119043994521,440,481,454,440,515,477,393,396
p0,2021-04-06,000155.SZ,1.205387205387205,198,166,173,198,197,93,239,156
p0,2021-04-06,000400.SZ,0.7313531353135314,66,54,51,66,35,80,38,55
p0,2021-04-06,000408.SZ,2.6629107981220654,553,571,593,553,586,570,641,594
p0,2021-04-06,000519.SZ,1.8680089485458615,256,277,270,256,311,256,268,280
p0,2021-04-06,000537.SZ,3.1864111498257843,665,655,653,665,654,648,635,651
p0,2021-04-06,000591.SZ,0.5740740740740742,504,529,509,504,534,529,531,434
p0,2021-04-06,000629.SZ,0.6073059360730595,558,557,540,558,537,582,511,482
p0,2021-04-06,000657.SZ,1.092327698309493,490,389,354,490,303,349,339,253
p0,2021-04-06,000683.SZ,1.6188679245283022,398,413,436,398,432,414,453,490
p0,2021-04-06,000723.SZ,1.3222811671087533,7,9,10,7,7,18,6,13
p0,2021-04-06,000733.SZ,1.256540697674419,305,278,229,305,200,319,166,195
p0,2021-04-06,000738.SZ,0.5383771929824561,53,42,47,53,41,36,87,54
p0,2021-04-06,000831.SZ,1.2064662507090187,313,255,265,313,254,215,260,316
p0,2021-04-06,000887.SZ,1.2502502502502502,135,94,95,135,74,92,74,136
p0,2021-04-06,000893.SZ,0.9632478632478634,269,285,272,269,287,292,312,225
p0,2021-04-06,000937.SZ,0.5274725274725274,450,433,427,450,471,370,435,372
p0,2021-04-06,000983.SZ,0.7028688524590165,302,325,293,302,300,376,265,223
p0,2021-04-06,002025.SZ,0.6605561277033987,58,65,61,58,108,45,41,75
p0,2021-04-06,002028.SZ,0.6566265060240963,351,337,318,351,341,312,286,246
p0,2021-04-06,002049.SZ,0.914375844975214,336,365,384,336,394,342,428,415
p0,2021-04-06,002120.SZ,0.5071530758226037,258,235,227,258,237,218,221,220
p0,2021-04-06,002241.SZ,0.8903477643718951,84,97,80,84,85,147,39,89
p0,2021-04-06,002265.SZ,2.6700143472022955,270,271,273,270,294,249,255,319
p0,2021-04-06,002273.SZ,0.5527015057573075,348,350,370,348,306,373,439,366
p0,2021-04-06,002312.SZ,0.6482412060301506,360,328,358,360,386,226,384,386
p0,2021-04-06,002335.SZ,0.8203045685279189,43,33,33,43,31,41,14,99
p0,2021-04-06,002371.SZ,1.0567097136440204,304,226,219,304,280,126,188,257
p0,2021-04-06,002432.SZ,5.008403361344538,265,253,251,265,278,234,242,240
p0,2021-04-06,002466.SZ,1.8155313351498634,457,403,383,457,375,361,310,384
p0,2021-04-06,002472.SZ,1.7459016393442623,303,293,291,303,305,254,329,273
p0,2021-04-06,002594.SZ,0.5276279175421659,158,156,181,158,144,168,227,218
p0,2021-04-06,002738.SZ,1.8467153284671531,14,10,6,14,8,10,1,3
p0,2021-04-06,002756.SZ,1.9660103626943006,202,186,147,202,198,188,83,123
p0,2021-04-06,002821.SZ,0.5131848613198524,102,106,77,102,117,100,56,48
p0,2021-04-06,002837.SZ,1.3068309070548714,137,159,165,137,178,149,178,177
p0,2021-04-06,002850.SZ,1.5166051660516602,32,20,25,32,16,19,30,72
p0,2021-04-06,002920.SZ,0.5083917569577225,200,250,259,200,349,230,272,283
p0,2021-04-06,300014.SZ,0.528956057912116,349,260,249,349,274,179,194,262
p0,2021-04-06,300058.SZ,0.5559006211180122,140,126,124,140,130,112,151,84
p0,2021-04-06,300073.SZ,0.7954070981210857,164,229,204,164,363,187,123,265
p0,2021-04-06,300207.SZ,1.1695178849144634,197,203,208,197,250,184,253,203
p0,2021-04-06,300223.SZ,0.9841485507246379,473,482,491,473,452,515,521,486
p0,2021-04-06,300274.SZ,0.8574302575107298,231,314,345,231,356,350,407,353
p0,2021-04-06,300316.SZ,0.9704433497536946,70,68,68,70,58,71,60,69
p0,2021-04-06,300339.SZ,1.5578002244668911,324,223,223,324,162,231,172,313
p0,2021-04-06,300346.SZ,0.5067015364498204,451,428,435,451,440,390,404,494
p0,2021-04-06,300373.SZ,0.6064285714285713,103,89,97,103,83,88,119,104
p0,2021-04-06,300390.SZ,1.609802673456397,255,282,289,255,357,209,305,322
p0,2021-04-06,300395.SZ,0.6588383838383838,151,150,171,151,161,146,197,211
p0,2021-04-06,300432.SZ,2.293598233995585,247,288,314,247,339,258,333,351
p0,2021-04-06,300458.SZ,0.5053140096618358,441,404,408,441,359,406,373,430
p0,2021-04-06,300474.SZ,0.8469678953626638,569,576,572,569,569,597,572,521
p0,2021-04-06,300487.SZ,1.3534096565455451,15,17,14,15,17,26,15,11
p0,2021-04-06,300604.SZ,0.630239520958084,79,88,78,79,63,136,93,49
p0,2021-04-06,300627.SZ,0.7588932806324111,30,78,81,30,118,106,114,80
p0,2021-04-06,300750.SZ,0.766574585635359,310,267,250,310,312,195,185,269
p0,2021-04-06,300757.SZ,0.7566675831729448,436,410,397,436,415,375,418,344
p0,2021-04-06,300803.SZ,0.5099337748344368,195,213,206,195,243,219,206,207
p0,2021-04-06,300919.SZ,0.7952511633456629,507,575,602,507,595,615,601,625
p0,2021-04-06,600010.SH,0.7935483870967741,534,544,562,534,588,476,585,582
p0,2021-04-06,600011.SH,1.102803738317757,529,514,492,529,483,534,446,463
p0,2021-04-06,600021.SH,0.7210796915167095,654,669,671,654,647,677,669,669
p0,2021-04-06,600038.SH,0.5529781796736781,222,228,271,222,228,255,259,392
p0,2021-04-06,600039.SH,0.7349397590361446,639,654,660,639,672,637,657,668
p0,2021-04-06,600089.SH,0.847457627118644,395,392,402,395,426,334,398,441
p0,2021-04-06,600111.SH,1.3830897703549057,675,676,676,675,677,671,677,675
p0,2021-04-06,600141.SH,1.6985345429169576,525,594,600,525,623,601,614,588
p0,2021-04-06,600150.SH,0.515625,308,274,296,308,257,253,325,335
p0,2021-04-06,600171.SH,0.5988409529942047,455,478,471,455,504,457,437,516
p0,2021-04-06,600188.SH,0.7754172989377845,429,466,444,429,462,491,417,445
p0,2021-04-06,600348.SH,1.3904382470119523,538,497,466,538,470,489,481,368
p0,2021-04-06,600378.SH,1.0485480943738659,321,262,254,321,240,244,211,256
p0,2021-04-06,600460.SH,0.7625827814569537,409,407,419,409,474,321,447,405
p0,2021-04-06,600483.SH,0.5175438596491229,433,496,501,433,543,498,487,512
p0,2021-04-06,600499.SH,1.268544600938967,415,474,479,415,467,541,516,447
p0,2021-04-06,600563.SH,1.0182648401826486,62,95,104,62,153,82,108,129
p0,2021-04-06,600765.SH,1.5726256983240225,93,77,85,93,90,58,120,91
p0,2021-04-06,600816.SH,1.1201923076923075,496,546,558,496,585,518,574,567
p0,2021-04-06,600875.SH,0.5644171779141105,459,440,473,459,433,439,528,520
p0,2021-04-06,600884.SH,1.1343570057581571,177,205,237,177,290,178,313,271
p0,2021-04-06,600958.SH,0.6345062429057888,480,491,483,480,459,531,503,429
p0,2021-04-06,600995.SH,1.8684210526315792,338,315,284,338,352,257,182,301
p0,2021-04-06,601001.SH,0.9696969696969697,376,394,392,376,401,398,366,422
p0,2021-04-06,601016.SH,0.5355450236966826,574,621,623,574,643,638,602,637
p0,2021-04-06,601117.SH,0.7416545718432512,656,665,658,656,668,659,664,626
p0,2021-04-06,601127.SH,1.3735343383584588,566,554,538,566,550,527,494,523
p0,2021-04-06,601567.SH,1.375748502994012,548,516,513,548,461,545,545,470
p0,2021-04-06,601600.SH,0.5879265091863517,598,581,578,598,574,575,526,604
p0,2021-04-06,601666.SH,0.5684803001876171,468,468,440,468,493,416,424,410
p0,2021-04-06,601669.SH,0.9283950617283951,645,646,648,645,661,632,646,628
p0,2021-04-06,601699.SH,0.8696369636963697,469,424,410,469,451,339,352,402
p0,2021-04-06,601865.SH,0.7908309455587392,268,180,190,268,145,154,229,210
p0,2021-04-06,601985.SH,0.5037453183520599,585,615,609,585,634,612,603,586
p0,2021-04-06,603077.SH,1.0993788819875774,543,484,485,543,444,466,488,468
p0,2021-04-06,603260.SH,1.9380888290713325,123,104,86,123,128,70,61,87
p0,2021-04-06,603290.SH,0.9709064924458963,380,383,373,380,378,380,360,345
p0,2021-04-06,603568.SH,0.655328798185941,182,198,183,182,222,205,180,130
p0,2021-04-06,603596.SH,1.4749818709209577,59,50,55,59,67,38,58,65
p0,2021-04-06,603606.SH,1.3190932868352223,176,155,142,176,156,123,139,101
p0,2021-04-06,603659.SH,0.5835835835835834,16,25,32,16,23,49,76,36
p0,2021-04-06,603688.SH,2.2951871657754013,350,359,372,350,308,403,343,428
p0,2021-04-06,603728.SH,0.5309381237524953,119,124,109,119,100,190,71,122
p0,2021-04-06,603766.SH,0.8,497,446,399,497,402,462,233,390
p0,2021-04-06,603799.SH,0.5055532702591525,162,103,87,162,78,76,78,73
p0,2021-04-06,603893.SH,0.8360881542699727,101,79,94,101,65,73,168,86
p0,2021-04-06,688017.SH,0.8082896428924722,382,369,362,382,409,309,321,357
p0,2021-04-06,688018.SH,0.6828503562945369,174,182,228,174,213,174,381,231
p0,2021-04-06,688037.SH,1.0315046831285732,281,252,294,281,216,282,401,297
p0,2021-04-06,688065.SH,1.2442322004465391,387,417,417,387,448,429,393,397
p0,2021-04-06,688122.SH,0.7866117000392621,104,60,50,104,44,54,51,29
p0,2021-04-06,688301.SH,1.6879885500385337,214,295,282,214,321,326,270,267
p0,2021-04-06,688568.SH,0.6238084681888716,453,427,451,453,374,454,547,453
p0,2021-04-06,688599.SH,3.0555555555555562,189,185,196,189,217,173,208,245
p0,2021-04-06,688676.SH,0.7604651162790699,68,59,46,68,37,94,57,23
p0,2021-05-07,000400.SZ,0.861236802413273,110,186,196,110,253,220,142,268
p0,2021-05-07,000408.SZ,1.340267459138187,302,312,291,302,311,314,245,264
p0,2021-05-07,000519.SZ,0.8943466172381838,610,577,556,610,566,521,485,537
p0,2021-05-07,000537.SZ,2.8823529411764706,553,555,555,553,559,550,477,581
p0,2021-05-07,000657.SZ,0.5747126436781609,360,380,368,360,408,372,335,375
p0,2021-05-07,000683.SZ,1.7258566978193146,512,521,521,512,529,515,471,553
p0,2021-05-07,000723.SZ,0.667883211678832,105,123,107,105,148,135,78,88
p0,2021-05-07,000733.SZ,1.4138367433031007,119,168,164,119,240,162,173,145
p0,2021-05-07,000831.SZ,0.7261707988980717,217,210,205,217,248,164,195,186
p0,2021-05-07,000887.SZ,0.879248658318426,102,83,82,102,40,109,62,119
p0,2021-05-07,000893.SZ,0.7077294685990339,370,376,391,370,378,386,461,394
p0,2021-05-07,002028.SZ,0.5608220086178324,124,87,98,124,65,79,133,98
p0,2021-05-07,002049.SZ,0.7753086419753086,339,378,381,339,412,381,392,406
p0,2021-05-07,002265.SZ,1.6338028169014085,200,199,215,200,205,187,284,228
p0,2021-05-07,002312.SZ,0.5258855585831061,78,61,48,78,45,62,27,53
p0,2021-05-07,002335.SZ,0.896486825595985,32,31,26,32,66,16,18,23
p0,2021-05-07,002371.SZ,0.8114602587800368,253,297,288,253,398,246,267,286
p0,2021-05-07,002432.SZ,6.074401008827238,180,211,206,180,256,194,178,207
p0,2021-05-07,002466.SZ,0.8899786780383796,548,522,500,548,553,445,452,474
p0,2021-05-07,002472.SZ,1.0447504302925994,87,100,110,87,113,99,168,97
p0,2021-05-07,002594.SZ,0.6760680791941649,491,435,431,491,372,448,417,426
p0,2021-05-07,002709.SZ,0.5582664526484751,409,389,397,409,341,405,374,499
p0,2021-05-07,002738.SZ,0.9428389965068276,168,192,197,168,213,201,176,211
p0,2021-05-07,002756.SZ,0.901725790987536,651,634,636,651,620,618,604,657
p0,2021-05-07,002837.SZ,0.9093468468468464,146,188,220,146,277,172,288,302
p0,2021-05-07,002850.SZ,1.2175443537031825,61,88,75,61,117,93,50,54
p0,2021-05-07,300073.SZ,0.856767986004811,612,572,570,612,542,527,535,577
p0,2021-05-07,300207.SZ,0.775197628458498,236,278,224,236,309,298,170,187
p0,2021-05-07,300223.SZ,0.7572299515397842,486,474,462,486,446,462,381,508
p0,2021-05-07,300316.SZ,0.5368365460786904,167,161,137,167,179,127,107,148
p0,2021-05-07,300339.SZ,1.1187214611872145,183,235,257,183,322,251,266,298
p0,2021-05-07,300373.SZ,0.5507104360607544,45,51,71,45,54,65,127,79
p0,2021-05-07,300390.SZ,1.4062168844931122,108,109,106,108,144,88,115,90
p0,2021-05-07,300432.SZ,1.6591880341880345,123,101,109,123,159,44,145,108
p0,2021-05-07,300474.SZ,0.5846069117444583,429,408,387,429,326,466,404,328
p0,2021-05-07,300487.SZ,1.0186778593913957,182,126,111,182,109,103,77,106
p0,2021-05-07,300627.SZ,0.5110422316931422,136,137,149,136,161,140,172,168
p0,2021-05-07,300750.SZ,0.5655358309736442,129,172,176,129,152,244,177,195
p0,2021-05-07,600011.SH,0.81924882629108,477,462,457,477,421,479,426,452
p0,2021-05-07,600021.SH,0.7409470752089138,397,477,470,397,516,511,407,504
p0,2021-05-07,600039.SH,0.5752212389380531,546,573,584,546,557,598,575,611
p0,2021-05-07,600089.SH,0.5595727198027938,632,604,565,632,621,543,489,450
p0,2021-05-07,600111.SH,0.7960222016651248,304,364,365,304,401,376,363,382
p0,2021-05-07,600141.SH,1.142065142065142,404,415,403,404,483,365,416,358
p0,2021-05-07,600188.SH,0.6467427803895232,308,427,419,308,501,488,413,367
p0,2021-05-07,600348.SH,0.6857610474631752,171,164,141,171,107,218,126,129
p0,2021-05-07,600378.SH,0.8823823823823824,307,356,362,307,370,391,361,381
p0,2021-05-07,600460.SH,0.5773539206781713,588,534,527,588,474,504,511,524
p0,2021-05-07,600522.SH,0.5974025974025974,251,263,231,251,288,256,236,188
p0,2021-05-07,600563.SH,0.7271474506201194,95,99,117,95,115,90,136,183
p0,2021-05-07,600765.SH,1.4678086237448316,157,140,156,157,126,155,180,184
p0,2021-05-07,600816.SH,1.0292682926829269,624,641,637,624,647,640,614,642
p0,2021-05-07,600875.SH,0.5432314410480352,294,282,335,294,250,293,356,423
p0,2021-05-07,600884.SH,0.5894800483675937,80,60,36,80,67,38,29,19
p0,2021-05-07,600995.SH,1.4283646888567296,187,238,219,187,313,262,187,209
p0,2021-05-07,601117.SH,0.557057057057057,647,644,640,647,640,638,631,636
p0,2021-05-07,601669.SH,1.3393316195372749,634,651,645,634,652,660,627,631
p0,2021-05-07,601689.SH,0.6983020012128565,144,105,132,144,61,139,184,227
p0,2021-05-07,601865.SH,1.015079365079365,207,218,214,207,171,302,285,138
p0,2021-05-07,601877.SH,0.5556624959897336,164,147,166,164,163,119,229,170
p0,2021-05-07,603077.SH,1.0224719101123596,356,347,416,356,328,341,538,543
p0,2021-05-07,603260.SH,0.8230058774139379,25,77,57,25,103,112,35,42
p0,2021-05-07,603290.SH,0.6674702425794785,47,28,24,47,20,28,25,22
p0,2021-05-07,603596.SH,1.6801381692573405,38,68,88,38,84,87,105,154
p0,2021-05-07,603606.SH,1.5558698727015559,6,5,6,6,1,7,9,13
p0,2021-05-07,603659.SH,0.8062692702980472,169,171,162,169,162,183,141,162
p0,2021-05-07,603688.SH,1.9138678223185264,417,382,421,417,352,373,529,433
p0,2021-05-07,605117.SH,4.655848261327713,66,65,44,66,78,54,34,26
p0,2021-05-07,605358.SH,0.5605633802816903,315,313,323,315,392,245,320,356
p0,2021-05-07,688037.SH,0.7117139034180757,387,343,348,387,307,322,300,391
p0,2021-05-07,688065.SH,0.993210351012042,153,150,136,153,207,105,132,134
p0,2021-05-07,688301.SH,0.6231932773109243,425,409,390,425,402,402,305,475
p0,2021-05-07,688599.SH,3.0389150943396226,457,424,415,457,416,408,353,438
p0,2021-05-07,688676.SH,0.5950809838032391,383,375,338,383,315,422,291,258
p0,2021-06-04,000155.SZ,0.7719419488597097,184,174,179,184,146,209,248,152
p0,2021-06-04,000400.SZ,0.6219512195121952,179,170,118,179,167,167,71,76
p0,2021-06-04,000408.SZ,0.8720238095238095,485,445,459,485,471,379,473,461
p0,2021-06-04,000519.SZ,0.9771897810218979,612,586,592,612,580,551,610,580
p0,2021-06-04,000537.SZ,2.700361010830325,575,471,452,575,359,459,412,459
p0,2021-06-04,000591.SZ,0.5783699059561129,545,540,555,545,538,529,573,575
p0,2021-06-04,000629.SZ,0.839130434782609,331,294,284,331,233,311,360,213
p0,2021-06-04,000630.SZ,0.5140845070422535,448,563,577,448,568,605,585,602
p0,2021-06-04,000657.SZ,0.6634730538922158,85,88,82,85,74,107,76,66
p0,2021-06-04,000683.SZ,1.4076738609112707,643,611,607,643,561,613,644,549
p0,2021-06-04,000723.SZ,1.0672823218997363,152,219,220,152,215,308,207,233
p0,2021-06-04,000733.SZ,1.0552970651395848,62,92,120,62,157,56,108,247
p0,2021-06-04,000831.SZ,0.9210102095647501,174,276,301,174,353,315,354,324
p0,2021-06-04,000887.SZ,0.5713012477718358,41,25,23,41,37,18,20,35
p0,2021-06-04,000893.SZ,0.7458866544789762,79,104,157,79,115,126,281,208
p0,2021-06-04,000937.SZ,0.8257575757575759,91,74,81,91,67,59,44,119
p0,2021-06-04,000960.SZ,0.5702736318407962,639,621,639,639,578,632,649,650
p0,2021-06-04,000983.SZ,0.5358592692828146,557,456,466,557,428,370,459,471
p0,2021-06-04,002028.SZ,0.6014221556886228,273,229,252,273,243,187,284,293
p0,2021-06-04,002049.SZ,0.6306646525679758,450,517,534,450,572,471,529,542
p0,2021-06-04,002265.SZ,1.9556259904912836,44,15,12,44,15,8,21,9
p0,2021-06-04,002312.SZ,0.6111111111111112,134,149,144,134,158,154,179,90
p0,2021-06-04,002335.SZ,0.9235400361228177,56,34,27,56,39,35,57,11
p0,2021-06-04,002432.SZ,5.948212083847103,106,151,137,106,170,170,70,153
p0,2021-06-04,002466.SZ,0.6448269805023714,594,572,569,594,547,548,521,621
p0,2021-06-04,002472.SZ,0.9661563255439161,34,30,45,34,20,54,95,78
p0,2021-06-04,002738.SZ,1.3363700070077082,172,188,217,172,213,173,169,395
p0,2021-06-04,002756.SZ,1.3610864548198118,470,546,542,470,559,567,500,544
p0,2021-06-04,002837.SZ,0.9700435729847496,178,195,181,178,234,171,195,164
p0,2021-06-04,002850.SZ,0.7766558480586612,207,277,292,207,370,270,271,367
p0,2021-06-04,300390.SZ,0.731487733513392,403,343,315,403,284,354,308,272
p0,2021-06-04,300432.SZ,0.7961783439490444,279,238,243,279,208,247,239,273
p0,2021-06-04,600010.SH,0.619631901840491,323,373,353,323,423,362,335,294
p0,2021-06-04,600011.SH,1.0700483091787443,562,505,498,562,398,514,533,462
p0,2021-06-04,600021.SH,0.6516690856313501,496,408,395,496,283,473,392,343
p0,2021-06-04,600039.SH,0.7971223021582734,487,534,546,487,548,537,542,547
p0,2021-06-04,600089.SH,0.7751736111111112,578,591,605,578,633,545,619,637
p0,2021-06-04,600111.SH,1.0404444444444443,455,538,549,455,560,549,594,517
p0,2021-06-04,600141.SH,1.1565739225313698,355,380,442,355,406,346,369,628
p0,2021-06-04,600188.SH,1.420689655172414,307,291,290,307,291,273,289,311
p0,2021-06-04,600233.SH,0.6965648854961832,339,362,391,339,286,477,377,480
p0,2021-06-04,600348.SH,1.1,177,102,95,177,70,78,94,69
p0,2021-06-04,600378.SH,0.7502374169040837,416,365,322,416,301,397,249,309
p0,2021-06-04,600499.SH,0.5427135678391959,611,640,594,611,618,658,423,545
p0,2021-06-04,600522.SH,0.7034548944337813,326,259,270,326,253,222,350,221
p0,2021-06-04,600546.SH,0.6987447698744769,150,147,161,150,168,128,171,191
p0,2021-06-04,600563.SH,0.6481774960380349,30,63,87,30,71,108,77,161
p0,2021-06-04,600765.SH,1.241545893719807,136,116,108,136,103,127,136,77
p0,2021-06-04,600816.SH,0.6692607003891051,571,556,559,571,498,584,564,562
p0,2021-06-04,600863.SH,0.6431535269709543,222,312,321,222,264,493,347,336
p0,2021-06-04,600875.SH,0.5229186155285315,270,265,231,270,241,298,205,201
p0,2021-06-04,600884.SH,0.5026881720430105,260,223,256,260,204,217,319,298
p0,2021-06-04,600995.SH,1.1031636863823935,13,14,13,13,10,30,7,30
p0,2021-06-04,601001.SH,0.9437751004016064,587,612,601,587,604,638,568,591
p0,2021-06-04,601117.SH,0.5234375,568,590,583,568,591,600,602,531
p0,2021-06-04,601615.SH,0.7906504065040652,281,194,174,281,176,138,147,140
p0,2021-06-04,601666.SH,0.8480325644504747,429,399,407,429,430,338,317,492
p0,2021-06-04,601669.SH,1.056555269922879,600,599,584,600,586,614,513,576
p0,2021-06-04,601865.SH,0.7397212543554008,114,163,148,114,227,142,112,159
p0,2021-06-04,601877.SH,0.5885807504078304,301,211,206,301,210,137,242,195
p0,2021-06-04,601985.SH,0.5038759689922481,641,641,643,641,642,630,647,617
p0,2021-06-04,603077.SH,0.9402985074626868,471,462,529,471,497,410,590,571
p0,2021-06-04,603260.SH,1.2748079123753473,15,20,28,15,38,31,31,51
p0,2021-06-04,603290.SH,0.5490985471731138,31,47,64,31,56,62,56,121
p0,2021-06-04,603596.SH,0.971937398812736,80,97,56,80,83,119,43,20
p0,2021-06-04,603606.SH,1.5694117647058823,164,184,227,164,182,213,260,323
p0,2021-06-04,603688.SH,1.920937042459737,46,52,38,46,79,53,35,38
p0,2021-06-04,603806.SH,0.6463397299218194,441,363,392,441,373,282,352,503
p0,2021-06-04,605117.SH,2.9462129527991223,8,3,3,8,2,4,2,4
p0,2021-06-04,688599.SH,3.1914191419141913,535,518,479,535,544,449,401,399
p0,2021-07-05,000400.SZ,0.5110935023771792,87,82,109,87,117,59,176,165
p0,2021-07-05,000519.SZ,1.1781219748305904,325,303,293,325,341,231,253,334
p0,2021-07-05,000537.SZ,2.2901353965183757,549,513,500,549,527,440,433,487
p0,2021-07-05,000629.SZ,0.6260869565217393,148,257,201,148,315,339,113,161
p0,2021-07-05,000683.SZ,0.9424603174603172,349,356,363,349,406,322,440,313
p0,2021-07-05,000723.SZ,0.6877470355731226,309,316,335,309,412,241,312,426
p0,2021-07-05,000733.SZ,0.9585492227979275,363,385,343,363,404,381,273,268
p0,2021-07-05,000893.SZ,0.8257415254237288,108,109,117,108,141,80,159,138
p0,2021-07-05,000937.SZ,0.8030690537084397,20,29,31,20,33,38,39,27
p0,2021-07-05,000983.SZ,0.5220588235294117,409,357,336,409,288,373,283,330
p0,2021-07-05,000999.SZ,0.6597145993413831,466,467,479,466,432,493,488,464
p0,2021-07-05,002244.SZ,0.6372315035799523,398,378,400,398,405,332,478,374
p0,2021-07-05,002265.SZ,1.4583963691376702,5,6,5,5,7,7,5,6
p0,2021-07-05,002432.SZ,9.296598639455784,162,146,165,162,166,129,180,216
p0,2021-07-05,002738.SZ,0.6894916540212441,203,218,220,203,157,313,260,199
p0,2021-07-05,002756.SZ,0.6189436331377101,685,685,683,685,681,686,647,675
p0,2021-07-05,002837.SZ,1.0051049347702783,76,64,76,76,39,94,116,69
p0,2021-07-05,002850.SZ,0.7442545668827343,188,227,191,188,245,266,107,193
p0,2021-07-05,003031.SZ,0.7509032135386955,113,96,79,113,81,110,48,62
p0,2021-07-05,300498.SZ,0.5738758029978588,75,67,82,75,55,71,148,76
p0,2021-07-05,600011.SH,0.6491646778042959,570,554,555,570,485,582,582,545
p0,2021-07-05,600039.SH,0.682769726247987,584,584,574,584,608,542,527,564
p0,2021-07-05,600089.SH,0.6047244094488189,569,608,624,569,624,612,674,612
p0,2021-07-05,600111.SH,0.7076719576719575,494,509,504,494,520,498,443,511
p0,2021-07-05,600141.SH,0.8278327832783277,438,551,546,438,580,586,579,513
p0,2021-07-05,600153.SH,0.5665024630541875,619,595,602,619,570,590,587,641
p0,2021-07-05,600188.SH,1.5475083056478405,213,365,385,213,526,359,389,415
p0,2021-07-05,600233.SH,0.7728674203494346,284,247,240,284,175,287,192,270
p0,2021-07-05,600348.SH,0.6421768707482995,98,86,86,98,110,60,78,80
p0,2021-07-05,600378.SH,0.8104606525911706,97,128,126,97,160,133,157,109
p0,2021-07-05,600522.SH,0.7400204708290687,301,321,316,301,304,387,301,285
p0,2021-07-05,600546.SH,0.9273743016759777,21,48,61,21,80,63,163,45
p0,2021-07-05,600765.SH,1.026937618147448,167,206,188,167,229,229,224,129
p0,2021-07-05,600816.SH,0.6186770428015567,538,534,506,538,537,506,401,472
p0,2021-07-05,600873.SH,0.6539162112932604,79,112,113,79,174,102,139,119
p0,2021-07-05,600995.SH,0.979913916786227,1,3,4,1,6,2,4,5
p0,2021-07-05,601001.SH,1.1327913279132793,306,288,307,306,270,289,355,321
p0,2021-07-05,601666.SH,1.4527220630372493,261,276,244,261,260,307,211,191
p0,2021-07-05,601669.SH,0.8644501278772379,514,535,547,514,574,500,546,575
p0,2021-07-05,601689.SH,0.7160120845921449,513,461,438,513,427,451,392,381
p0,2021-07-05,601985.SH,0.5964566929133857,613,629,636,613,640,621,681,582
p0,2021-07-05,603077.SH,0.6794258373205742,219,280,300,219,258,363,323,348
p0,2021-07-05,603596.SH,0.9042179261862919,268,248,202,268,293,196,122,180
p0,2021-07-05,603606.SH,1.6061678463094031,176,165,154,176,220,125,146,142
p0,2021-07-05,603688.SH,1.5731242051716832,33,51,47,33,56,70,51,40
p0,2021-07-05,605117.SH,0.7186112232539363,34,17,22,34,11,23,20,42
p0,2021-07-05,688599.SH,1.0303343674594965,658,663,670,658,639,669,675,673
p0,2021-08-02,000519.SZ,0.704,669,628,635,669,495,644,628,647
p0,2021-08-02,000537.SZ,1.4487471526195903,262,228,240,262,193,242,296,241
p0,2021-08-02,000893.SZ,0.5614035087719298,212,202,210,212,156,230,222,250
p0,2021-08-02,000937.SZ,0.8880407124681933,24,28,29,24,30,32,26,25
p0,2021-08-02,000983.SZ,0.6310096153846154,350,381,348,350,446,356,298,306
p0,2021-08-02,000999.SZ,0.5768752590136759,276,330,336,276,483,234,375,335
p0,2021-08-02,001979.SZ,0.5621679064824654,338,380,356,338,363,433,283,351
p0,2021-08-02,002244.SZ,1.062015503875969,256,340,314,256,347,382,255,298
p0,2021-08-02,002265.SZ,0.8793103448275863,23,13,8,23,7,28,14,4
p0,2021-08-02,002432.SZ,9.73774834437086,107,76,69,107,67,70,37,105
p0,2021-08-02,600011.SH,0.797979797979798,321,335,323,321,312,333,360,243
p0,2021-08-02,600026.SH,0.5473887814313347,293,305,319,293,376,252,327,321
p0,2021-08-02,600039.SH,0.7161500815660684,611,603,584,611,606,578,538,559
p0,2021-08-02,600048.SH,0.7212953876349362,452,521,489,452,496,579,457,396
p0,2021-08-02,600062.SH,1.7229669347631815,444,436,411,444,422,422,314,442
p0,2021-08-02,600153.SH,0.946927374301676,583,595,589,583,601,590,572,579
p0,2021-08-02,600188.SH,1.0543093270365995,232,277,265,232,337,288,279,247
p0,2021-08-02,600233.SH,0.9819724284199365,205,212,222,205,263,181,260,272
p0,2021-08-02,600522.SH,1.0203821656050955,227,285,316,227,279,376,347,328
p0,2021-08-02,600546.SH,0.8777173913043479,148,163,131,148,132,211,134,87
p0,2021-08-02,600566.SH,0.5387117761873781,455,500,457,455,452,570,471,337
p0,2021-08-02,600863.SH,0.6034482758620692,166,122,132,166,87,143,182,136
p0,2021-08-02,600995.SH,0.8759124087591241,3,3,3,3,3,2,3,3
p0,2021-08-02,601001.SH,0.605820105820106,207,246,250,207,326,235,359,172
p0,2021-08-02,601088.SH,0.7766821345707657,598,594,606,598,604,573,633,590
p0,2021-08-02,601225.SH,0.5526802218114604,420,474,502,420,540,452,475,563
p0,2021-08-02,601666.SH,1.2052067381316998,221,241,253,221,329,210,288,264
p0,2021-08-02,601800.SH,0.6047904191616769,626,620,628,626,628,583,643,640
p0,2021-08-02,601838.SH,0.5796178343949043,475,487,494,475,484,503,447,512
p0,2021-08-02,603606.SH,0.9074675324675325,83,63,65,83,43,77,76,66
p0,2021-08-02,603688.SH,1.0331838565022422,87,106,99,87,187,83,150,70
p0,2021-08-02,688180.SH,0.6465009810333553,617,575,579,617,465,598,574,592
p0,2021-08-30,000537.SZ,1.843956043956044,584,490,472,584,422,455,550,361
p0,2021-08-30,000893.SZ,0.5759734093067426,92,161,168,92,279,137,229,168
p0,2021-08-30,000937.SZ,0.6805845511482256,208,227,263,208,254,253,302,324
p0,2021-08-30,002244.SZ,0.7130044843049326,516,525,545,516,508,540,585,549
p0,2021-08-30,002265.SZ,1.2468354430379747,70,81,77,70,40,233,146,40
p0,2021-08-30,002432.SZ,6.955182072829132,108,92,110,108,64,148,250,103
p0,2021-08-30,002920.SZ,0.5458720734849334,28,96,93,28,243,72,51,170
p0,2021-08-30,600026.SH,1.116190476190476,609,491,483,609,347,514,524,420
p0,2021-08-30,600039.SH,0.5174927113702623,606,549,560,606,456,587,617,506
p0,2021-08-30,600062.SH,0.9729020979020979,400,455,433,400,447,470,438,382
p0,2021-08-30,600153.SH,0.6975228161668838,673,668,662,673,628,673,668,616
p0,2021-08-30,600188.SH,0.6626454114605773,341,316,310,341,262,363,265,333
p0,2021-08-30,600233.SH,1.1575129533678754,451,431,407,451,345,517,327,394
p0,2021-08-30,600522.SH,1.331318016928658,448,325,320,448,275,294,297,308
p0,2021-08-30,600546.SH,0.6221335992023929,629,616,583,629,606,586,519,531
p0,2021-08-30,600863.SH,0.5528455284552845,475,415,412,475,332,465,461,351
p0,2021-08-30,600995.SH,1.0407303370786516,22,56,39,22,113,63,64,21
p0,2021-08-30,601088.SH,0.7533016376122557,597,645,641,597,661,628,634,625
p0,2021-08-30,601225.SH,0.5048154093097912,552,614,624,552,668,570,646,599
p0,2021-08-30,601666.SH,0.6891133557800224,405,375,387,405,339,383,393,413
p0,2021-08-30,601689.SH,0.6486951534270149,158,255,231,158,439,195,155,275
p0,2021-08-30,601872.SH,0.5477855477855478,494,424,427,494,367,418,495,373
p0,2021-08-30,603596.SH,0.5756880733944953,113,84,76,113,52,128,108,39
p0,2021-08-30,603606.SH,1.3259929217459692,132,79,79,132,35,115,127,61
p0,2021-08-30,603688.SH,0.8846672661870505,87,82,82,87,57,118,84,111
p0,2021-09-29,000519.SZ,0.7022292993630574,626,606,601,626,621,520,590,575
p0,2021-09-29,000893.SZ,0.9893258426966289,48,42,40,48,31,75,45,35
p0,2021-09-29,000963.SZ,0.5342465753424657,695,695,696,695,696,677,693,696
p0,2021-09-29,000999.SZ,0.5893482831114225,455,473,469,455,477,455,402,493
p0,2021-09-29,002056.SZ,0.9838461538461538,241,247,213,241,244,264,113,244
p0,2021-09-29,002244.SZ,0.9304932735426008,486,517,518,486,501,540,502,521
p0,2021-09-29,002265.SZ,0.9624838292367399,36,20,23,36,15,20,35,20
p0,2021-09-29,002432.SZ,7.989441930618401,47,76,57,47,57,235,26,99
p0,2021-09-29,002738.SZ,0.8456883509833584,7,13,16,7,21,17,10,37
p0,2021-09-29,002756.SZ,0.9049456331111891,551,525,519,551,544,386,567,405
p0,2021-09-29,002920.SZ,0.8572845629262242,360,125,152,360,108,32,295,120
p0,2021-09-29,300373.SZ,0.5840566468707171,142,130,144,142,130,142,160,152
p0,2021-09-29,300803.SZ,0.6665701042873695,35,19,18,35,12,13,21,11
p0,2021-09-29,600062.SH,1.309462915601023,485,469,472,485,415,474,484,436
p0,2021-09-29,600085.SH,0.5723452037215269,299,385,347,299,487,352,264,324
p0,2021-09-29,600153.SH,0.5556872037914693,621,649,645,621,648,663,608,620
p0,2021-09-29,600522.SH,1.6455266138165343,94,156,133,94,238,212,79,180
p0,2021-09-29,600546.SH,0.5184,376,391,353,376,282,501,272,338
p0,2021-09-29,600566.SH,0.5662073097663272,284,252,241,284,331,160,259,182
p0,2021-09-29,600873.SH,0.7674418604651163,306,217,191,306,132,208,188,156
p0,2021-09-29,601001.SH,0.5161557580778791,448,452,426,448,503,339,362,444
p0,2021-09-29,601111.SH,0.5331491712707181,263,341,352,263,329,500,369,331
p0,2021-09-29,601225.SH,0.5270175438596492,507,500,508,507,518,414,517,516
p0,2021-09-29,601689.SH,0.9845938375350136,505,332,383,505,225,195,441,435
p0,2021-09-29,603596.SH,0.8410117434507678,154,85,109,154,92,35,203,141
p0,2021-09-29,603606.SH,1.660556926330631,134,91,96,134,90,51,143,83
p0,2021-09-29,603688.SH,2.9229080932784637,53,50,49,53,56,70,50,55
p0,2021-09-29,688385.SH,0.6559392987964416,202,383,412,202,439,574,438,445
p0,2021-11-03,000629.SZ,0.8997429305912594,310,197,183,310,125,239,184,148
p0,2021-11-03,000893.SZ,0.9584269662921348,164,269,303,164,250,417,421,293
p0,2021-11-03,000999.SZ,0.504152823920266,537,524,520,537,515,498,529,486
p0,2021-11-03,002056.SZ,0.7762589928057555,83,89,92,83,105,95,109,116
p0,2021-11-03,002244.SZ,1.3448275862068968,497,414,434,497,311,449,385,489
p0,2021-11-03,002265.SZ,0.9358974358974359,3,6,9,3,9,8,19,10
p0,2021-11-03,002432.SZ,7.355877616747183,77,117,124,77,187,113,130,142
p0,2021-11-03,002738.SZ,0.555034722222222,8,12,10,8,21,19,6,5
p0,2021-11-03,002920.SZ,0.7777372595496399,249,276,224,249,345,205,104,242
p0,2021-11-03,300803.SZ,0.6292379471228617,20,14,12,20,14,14,12,9
p0,2021-11-03,600026.SH,1.3638059701492535,125,122,110,125,135,121,57,166
p0,2021-11-03,600062.SH,0.8209606986899565,245,213,257,245,280,134,387,275
p0,2021-11-03,600348.SH,0.8717047451669595,324,472,452,324,495,523,380,423
p0,2021-11-03,600522.SH,0.721556886227545,294,315,332,294,382,228,339,370
p0,2021-11-03,600546.SH,0.6067172264355363,218,168,174,218,213,128,233,167
p0,2021-11-03,600873.SH,0.7647058823529411,421,394,433,421,344,430,405,516
p0,2021-11-03,601225.SH,0.53125,156,304,300,156,327,400,303,319
p0,2021-11-03,601689.SH,0.7813953488372092,404,415,383,404,407,416,307,399
p0,2021-11-03,601717.SH,0.6329113924050633,151,125,125,151,110,148,123,145
p0,2021-11-03,601872.SH,0.6093023255813954,184,111,119,184,94,116,108,149
p0,2021-11-03,603529.SH,0.672531512605042,281,328,321,281,320,379,358,210
p0,2021-11-03,603596.SH,0.7831000168662507,27,29,22,27,34,25,11,32
p0,2021-11-03,603606.SH,0.7069995731967562,94,112,103,94,161,108,112,71
p0,2021-11-03,603688.SH,1.480495251017639,29,32,30,29,31,30,40,23
p0,2021-11-03,603728.SH,1.0449029126213594,37,16,25,37,7,23,66,56
p0,2021-11-03,688676.SH,0.744943265910212,38,26,38,38,35,17,85,38
p0,2021-12-01,000629.SZ,0.6111111111111112,232,371,364,232,388,421,444,211
p0,2021-12-01,000893.SZ,0.7647657841140527,300,246,243,300,227,249,230,221
p0,2021-12-01,000983.SZ,0.6973039215686274,38,60,63,38,63,97,72,91
p0,2021-12-01,000999.SZ,0.6558966074313408,617,523,547,617,503,465,561,578
p0,2021-12-01,002244.SZ,1.3300492610837442,344,325,328,344,389,244,285,439
p0,2021-12-01,002432.SZ,1.3053691275167787,33,63,50,33,88,88,61,26
p0,2021-12-01,002517.SZ,0.5407554671968191,326,256,225,326,231,246,136,241
p0,2021-12-01,002738.SZ,0.5120593692022262,5,2,2,5,1,2,4,2
p0,2021-12-01,300498.SZ,0.5549382716049385,352,214,221,352,164,201,259,178
p0,2021-12-01,600026.SH,1.6228668941979518,111,119,114,111,100,169,144,72
p0,2021-12-01,600027.SH,0.5411140583554375,316,268,240,316,284,229,184,214
p0,2021-12-01,600188.SH,1.10539629005059,512,331,352,512,295,270,396,351
p0,2021-12-01,600348.SH,0.8969641214351429,428,514,514,428,522,557,552,398
p0,2021-12-01,600546.SH,1.4981595092024538,318,255,248,318,215,282,232,206
p0,2021-12-01,600795.SH,0.72972972972973,434,266,279,434,255,193,183,491
p0,2021-12-01,601001.SH,1.1109852774631936,131,252,233,131,308,290,243,137
p0,2021-12-01,601088.SH,0.5552238805970149,345,339,361,345,314,331,402,364
p0,2021-12-01,601225.SH,0.8258064516129031,347,147,200,347,137,91,223,407
p0,2021-12-01,601666.SH,0.79125,322,306,301,322,275,321,288,294
p0,2021-12-01,601699.SH,0.5722021660649821,405,326,329,405,297,301,346,335
p0,2021-12-01,601872.SH,0.7449209932279912,83,93,80,83,106,87,64,71
p0,2021-12-01,601898.SH,0.6401944894651539,359,234,255,359,186,223,292,273
p0,2021-12-01,603688.SH,1.3469421487603306,55,42,51,55,38,67,67,95
p0,2021-12-01,603728.SH,0.6211111111111112,9,38,54,9,79,100,186,36
p0,2021-12-29,000983.SZ,0.7123947051744886,124,174,196,124,178,227,311,184
p0,2021-12-29,002244.SZ,1.4442013129102844,235,334,334,235,358,374,325,386
p0,2021-12-29,002738.SZ,0.5349924585218704,2,2,1,2,5,2,1,1
p0,2021-12-29,600026.SH,2.1480206540447506,147,176,177,147,218,175,161,198
p0,2021-12-29,600153.SH,0.6140939597315438,477,460,457,477,476,400,412,454
p0,2021-12-29,600188.SH,1.1559829059829063,465,403,387,465,317,464,345,420
p0,2021-12-29,600348.SH,0.6074999999999999,529,568,550,529,599,548,511,552
p0,2021-12-29,600546.SH,1.1710526315789473,213,218,220,213,238,219,253,192
p0,2021-12-29,601001.SH,0.7979487179487181,145,210,208,145,291,192,223,183
p0,2021-12-29,601225.SH,0.8329278183292783,337,369,409,337,394,338,474,472
p0,2021-12-29,601666.SH,0.5669856459330145,398,343,340,398,262,399,297,404
p0,2021-12-29,601872.SH,0.9017199017199016,206,162,179,206,154,130,224,225
p0,2021-12-29,601898.SH,0.6703296703296704,458,337,355,458,287,298,367,397
p0,2021-12-29,603688.SH,0.9845829276209024,53,54,54,53,60,58,61,56
p0,2021-12-29,603728.SH,0.6640591047370707,7,12,12,7,10,44,8,30
p0,2021-12-29,605117.SH,0.7613680528565876,27,57,48,27,156,34,68,22
p0,2021-12-29,688248.SH,1.1285838401390098,281,295,271,281,355,231,287,143
p0,2021-12-29,688385.SH,0.5339321357285427,302,329,292,302,298,397,221,252
p0,2022-01-27,000034.SZ,0.7339805825242718,588,559,571,588,594,487,551,629
p0,2022-01-27,000975.SZ,0.7629629629629631,330,283,263,330,319,246,231,225
p0,2022-01-27,000999.SZ,0.5998826635376941,133,327,313,133,364,372,386,142
p0,2022-01-27,300718.SZ,0.5769478428847392,26,20,20,26,14,29,25,25
p0,2022-01-27,300724.SZ,0.5988221436984689,52,42,44,52,37,56,66,28
p0,2022-01-27,600026.SH,2.416161616161616,257,170,151,257,198,148,99,214
p0,2022-01-27,600062.SH,0.5096719932716567,110,197,182,110,197,225,222,130
p0,2022-01-27,600188.SH,0.6557911908646004,356,360,380,356,325,388,407,401
p0,2022-01-27,600348.SH,0.6398058252427183,177,423,409,177,479,445,427,268
p0,2022-01-27,600536.SH,0.5960861917326299,487,324,324,487,294,293,349,236
p0,2022-01-27,600546.SH,0.6310880829015544,161,158,143,161,142,190,101,201
p0,2022-01-27,600795.SH,0.630597014925373,306,230,255,306,115,350,286,357
p0,2022-01-27,601225.SH,0.5431235431235433,534,521,496,534,363,581,433,459
p0,2022-01-27,601872.SH,0.8010335917312661,391,194,170,391,175,180,148,166
p0,2022-01-27,603658.SH,0.5491666666666666,518,519,529,518,541,475,509,573
p0,2022-01-27,603688.SH,1.416434281464956,140,58,52,140,46,71,36,93
p0,2022-01-27,688037.SH,0.7811256395679362,214,151,172,214,151,159,192,246
p0,2022-01-27,688122.SH,0.5600427921904252,328,93,113,328,47,106,145,167
p0,2022-01-27,688223.SH,0.6027531956735497,539,467,482,539,416,470,448,597
p0,2022-01-27,688234.SH,0.9202492211838005,223,297,256,223,320,294,166,270
p0,2022-01-27,688248.SH,1.8616445100935501,354,339,357,354,285,376,348,483
p0,2022-01-27,688278.SH,0.5607550137632717,334,163,174,334,177,138,161,331
p0,2022-01-27,688385.SH,1.389964340295466,390,310,270,390,350,259,169,365
p0,2022-01-27,688617.SH,0.6403962101636522,336,78,99,336,86,47,105,276
p0,2022-03-03,000975.SZ,0.6637649619151251,102,140,147,102,187,174,156,160
p0,2022-03-03,002244.SZ,0.6421052631578947,215,228,204,215,218,246,163,184
p0,2022-03-03,002335.SZ,0.523943661971831,197,143,159,197,139,129,76,342
p0,2022-03-03,002430.SZ,0.604792696842906,436,413,412,436,394,401,426,419
p0,2022-03-03,002603.SZ,0.728733829870639,364,426,404,364,424,487,345,387
p0,2022-03-03,300724.SZ,0.54653371320038,111,104,122,111,193,72,235,103
p0,2022-03-03,600026.SH,1.5747126436781613,44,71,56,44,82,87,47,41
p0,2022-03-03,600062.SH,0.566823899371069,167,225,200,167,264,230,153,198
p0,2022-03-03,600795.SH,0.647887323943662,375,371,395,375,444,295,439,379
p0,2022-03-03,600875.SH,0.5135135135135134,405,451,471,405,432,493,541,480
p0,2022-03-03,603688.SH,1.1201336675020883,107,91,82,107,79,101,71,80
p0,2022-03-03,603728.SH,0.6169983862291555,7,8,8,7,8,8,7,9
p0,2022-03-03,688234.SH,0.5611630009038868,278,269,236,278,208,327,190,187
p0,2022-03-03,688248.SH,1.9005819592628517,269,192,238,269,196,142,359,255
p0,2022-03-03,688385.SH,0.825984437632634,265,333,330,265,355,389,303,324
p0,2022-03-03,688520.SH,0.6280392156862746,165,102,100,165,49,131,84,106
p0,2022-03-03,688676.SH,0.7514124293785309,18,16,17,18,24,9,20,22
p0,2022-03-31,000034.SZ,0.5031228313671061,559,440,466,559,382,399,463,520
p0,2022-03-31,000596.SZ,0.5552637721755367,654,707,706,654,707,710,708,688
p0,2022-03-31,002262.SZ,0.7856573705179282,119,105,107,119,102,114,106,133
p0,2022-03-31,002335.SZ,0.7657165169855524,15,18,16,15,18,26,8,32
p0,2022-03-31,300718.SZ,0.7732558139534882,32,21,21,32,17,18,18,31
p0,2022-03-31,300724.SZ,0.5013623978201633,111,220,231,111,226,330,319,191
p0,2022-03-31,600026.SH,0.9124999999999999,58,54,51,58,82,43,75,35
p0,2022-03-31,600027.SH,0.5169491525423728,474,463,447,474,500,410,431,436
p0,2022-03-31,600795.SH,0.5912698412698412,329,365,324,329,355,387,195,328
p0,2022-03-31,601958.SH,0.5783132530120483,218,243,238,218,276,222,243,234
p0,2022-03-31,603000.SH,0.6090909090909091,76,59,56,76,48,81,60,74
p0,2022-03-31,603688.SH,0.9817133443163097,98,117,121,98,151,113,131,136
p0,2022-03-31,603728.SH,1.069753086419753,3,8,8,3,10,19,11,11
p0,2022-03-31,605117.SH,0.5385012919896643,41,91,96,41,97,193,109,98
p0,2022-03-31,688248.SH,2.1262304574406485,130,53,41,130,47,44,37,26
p0,2022-03-31,688676.SH,0.6675012518778167,33,33,35,33,32,40,24,40
