trade_date,available_cash,pending_cash,total_cash,market_value,total_value,pos_count,action,stops
2021-01-04,593631.76,0.0,593631.76,9605945.01,10199576.77,19,rebalance,0
2021-01-05,593631.76,436082.48,1029714.24,9208201.95,10237916.18,18,mtm_only,1
2021-01-06,1029714.24,925959.96,1955674.2,8278946.94,10234621.14,16,mtm_only,2
2021-01-07,1955674.2,448216.69,2403890.89,7832434.0,10236324.9,15,mtm_only,1
2021-01-08,2403890.89,0.0,2403890.89,7915906.99,10319797.88,15,mtm_only,0
2021-01-11,509991.45,909938.83,1419930.28,9165941.0,10585871.28,17,rebalance,2
2021-01-12,1419930.28,462046.7,1881976.98,8757148.02,10639125.0,16,mtm_only,1
2021-01-13,1881976.98,0.0,1881976.98,9112033.05,10994010.03,16,mtm_only,0
2021-01-14,1881976.98,0.0,1881976.98,9346119.03,11228096.01,16,mtm_only,0
2021-01-15,1881976.98,0.0,1881976.98,9549832.94,11431809.92,16,mtm_only,0
2021-01-18,1414469.86,0.0,1414469.86,10237217.09,11651686.95,17,rebalance,0
2021-01-19,1414469.86,616128.19,2030598.05,9797956.08,11828554.13,16,mtm_only,1
2021-01-20,2030598.05,0.0,2030598.05,10241312.94,12271910.98,16,mtm_only,0
2021-01-21,2030598.05,0.0,2030598.05,10416111.01,12446709.06,16,mtm_only,0
2021-01-22,2030598.05,0.0,2030598.05,10649790.94,12680388.98,16,mtm_only,0
2021-01-25,509539.8,522919.48,1032459.28,11778482.06,12810941.34,18,rebalance,1
2021-01-26,1032459.28,0.0,1032459.28,11750967.94,12783427.22,18,mtm_only,0
2021-01-27,1032459.28,2178061.5,3210520.78,9298979.02,12509499.79,17,mtm_only,1
2021-01-28,3210520.78,1504058.62,4714579.4,7636329.01,12350908.41,14,mtm_only,3
2021-01-29,4714579.4,906710.04,5621289.44,6681178.91,12302468.35,12,mtm_only,2
2021-02-01,717896.83,559719.6,1277616.42,11068158.08,12345774.5,18,rebalance,1
2021-02-02,1277616.42,0.0,1277616.42,11410463.91,12688080.33,18,mtm_only,0
2021-02-03,1277616.42,470208.08,1747824.5,10987568.98,12735393.49,17,mtm_only,1
2021-02-04,1747824.5,1088956.84,2836781.34,9854334.03,12691115.38,15,mtm_only,2
2021-02-05,2836781.34,1041956.99,3878738.33,8760097.93,12638836.27,13,mtm_only,2
2021-02-08,602244.46,445739.91,1047984.37,11653534.95,12701519.32,18,rebalance,1
2021-02-09,1047984.37,0.0,1047984.37,12172570.02,13220554.39,18,mtm_only,0
2021-02-10,1047984.37,0.0,1047984.37,12146107.94,13194092.31,18,mtm_only,0
2021-02-18,7003.53,1819522.06,1826525.59,11245625.02,13072150.61,18,rebalance,2
2021-02-19,1826525.59,1284382.53,3110908.12,9953753.04,13064661.16,16,mtm_only,2
2021-02-22,816501.56,2673913.22,3490414.78,9279029.11,12769443.89,15,rebalance,4
2021-02-23,3490414.78,1010259.25,4500674.03,8213574.97,12714249.0,13,mtm_only,2
2021-02-24,4500674.03,705246.21,5205920.24,7477851.05,12683771.29,12,mtm_only,1
2021-02-25,5205920.24,0.0,5205920.24,7379214.95,12585135.2,12,mtm_only,0
2021-02-26,5205920.24,0.0,5205920.24,7325898.94,12531819.18,12,mtm_only,0
2021-03-01,676677.48,0.0,676677.48,11966426.98,12643104.46,19,rebalance,0
2021-03-02,676677.48,594682.09,1271359.58,11350220.96,12621580.54,18,mtm_only,1
2021-03-03,1271359.58,0.0,1271359.58,11430656.91,12702016.49,18,mtm_only,0
2021-03-04,1271359.58,0.0,1271359.58,11218431.97,12489791.54,18,mtm_only,0
2021-03-05,1271359.58,1189499.99,2460859.56,10084918.98,12545778.54,16,mtm_only,2
2021-03-08,17308.38,4421500.94,4438809.32,7625869.0,12064678.32,12,rebalance,8
2021-03-09,4438809.32,1173854.37,5612663.68,6188789.07,11801452.76,10,mtm_only,2
2021-03-10,5612663.68,1184610.34,6797274.02,4944029.97,11741303.99,8,mtm_only,2
2021-03-11,6797274.02,0.0,6797274.02,5007501.01,11804775.03,8,mtm_only,0
2021-03-12,6797274.02,563008.32,7360282.33,4415683.08,11775965.41,7,mtm_only,1
2021-03-15,54320.77,507551.5,561872.27,11008213.09,11570085.36,19,rebalance,1
2021-03-16,561872.27,649650.58,1211522.85,10391202.86,11602725.7,18,mtm_only,1
2021-03-17,1211522.85,0.0,1211522.85,10562088.04,11773610.89,18,mtm_only,0
2021-03-18,1211522.85,1015997.79,2227520.64,9543293.97,11770814.62,16,mtm_only,2
2021-03-19,2227520.64,517197.91,2744718.55,8958232.98,11702951.54,15,mtm_only,1
2021-03-22,6841.12,0.0,6841.12,11977109.07,11983950.19,20,rebalance,0
2021-03-23,6841.12,493552.69,500393.8,11380325.1,11880718.91,19,mtm_only,1
2021-03-24,500393.8,517726.24,1018120.04,10712005.97,11730126.01,18,mtm_only,1
2021-03-25,1018120.04,647848.89,1665968.93,10147148.02,11813116.94,17,mtm_only,1
2021-03-26,1665968.93,0.0,1665968.93,10319196.95,11985165.88,17,mtm_only,0
2021-03-29,12592.81,0.0,12592.81,11944144.0,11956736.81,20,rebalance,0
2021-03-30,12592.81,0.0,12592.81,12059173.99,12071766.8,20,mtm_only,0
2021-03-31,12592.81,0.0,12592.81,12023604.1,12036196.91,20,mtm_only,0
2021-04-01,12592.81,0.0,12592.81,12163115.03,12175707.84,20,mtm_only,0
2021-04-02,12592.81,0.0,12592.81,12373452.99,12386045.8,20,mtm_only,0
2021-04-06,12592.81,0.0,12592.81,12471242.0,12483834.81,20,rebalance,0
2021-04-07,12592.81,0.0,12592.81,12441371.01,12453963.82,20,mtm_only,0
2021-04-08,12592.81,584234.71,596827.51,11919864.1,12516691.61,19,mtm_only,1
2021-04-09,596827.51,1584740.64,2181568.15,10219138.97,12400707.12,16,mtm_only,3
2021-04-12,15316.06,0.0,15316.06,12244803.04,12260119.1,20,rebalance,0
2021-04-13,15316.06,500628.47,515944.53,11675491.08,12191435.61,19,mtm_only,1
2021-04-14,515944.53,0.0,515944.53,11790294.99,12306239.52,19,mtm_only,0
2021-04-15,515944.53,1221341.58,1737286.11,10547887.04,12285173.15,17,mtm_only,2
2021-04-16,1737286.11,678916.46,2416202.57,10023187.96,12439390.53,16,mtm_only,1
2021-04-19,21412.7,0.0,21412.7,12721108.99,12742521.69,20,rebalance,0
2021-04-20,21412.7,0.0,21412.7,12745774.94,12767187.64,20,mtm_only,0
2021-04-21,21412.7,0.0,21412.7,12726667.99,12748080.69,20,mtm_only,0
2021-04-22,21412.7,0.0,21412.7,12849091.97,12870504.67,20,mtm_only,0
2021-04-23,21412.7,1119473.09,1140885.79,11633243.06,12774128.85,18,mtm_only,2
2021-04-26,1452.11,0.0,1452.11,12856562.03,12858014.14,20,rebalance,0
2021-04-27,1452.11,1020794.54,1022246.65,11847259.9,12869506.55,18,mtm_only,2
2021-04-28,1022246.65,0.0,1022246.65,11983792.04,13006038.69,18,mtm_only,0
2021-04-29,1022246.65,548614.03,1570860.68,11404085.0,12974945.68,17,mtm_only,1
2021-04-30,1570860.68,1182721.79,2753582.47,10110648.98,12864231.44,15,mtm_only,2
2021-05-06,64341.17,0.0,64341.17,12621539.1,12685880.26,20,rebalance,0
2021-05-07,64341.17,2508283.79,2572624.96,9838568.03,12411192.99,16,mtm_only,4
2021-05-10,4424.84,1294527.32,1298952.16,11092499.01,12391451.17,18,rebalance,2
2021-05-11,1298952.16,1091570.43,2390522.59,10105902.11,12496424.7,16,mtm_only,2
2021-05-12,2390522.59,0.0,2390522.59,10325776.08,12716298.67,16,mtm_only,0
2021-05-13,2390522.59,0.0,2390522.59,10492829.94,12883352.53,16,mtm_only,0
2021-05-14,2390522.59,0.0,2390522.59,10692632.14,13083154.73,16,mtm_only,0
2021-05-17,598620.57,0.0,598620.57,12601839.02,13200459.59,19,rebalance,0
2021-05-18,598620.57,0.0,598620.57,12730824.09,13329444.66,19,mtm_only,0
2021-05-19,598620.57,0.0,598620.57,12813075.95,13411696.52,19,mtm_only,0
2021-05-20,598620.57,0.0,598620.57,12877425.18,13476045.75,19,mtm_only,0
2021-05-21,598620.57,0.0,598620.57,13070420.98,13669041.55,19,mtm_only,0
2021-05-24,477.82,0.0,477.82,13871248.96,13871726.78,20,rebalance,0
2021-05-25,477.82,0.0,477.82,14070928.06,14071405.89,20,mtm_only,0
2021-05-26,477.82,0.0,477.82,14073921.02,14074398.84,20,mtm_only,0
2021-05-27,477.82,0.0,477.82,14420996.16,14421473.98,20,mtm_only,0
2021-05-28,477.82,0.0,477.82,14291697.03,14292174.85,20,mtm_only,0
2021-05-31,477.82,0.0,477.82,14515883.89,14516361.71,20,rebalance,0
2021-06-01,477.82,0.0,477.82,14608332.0,14608809.82,20,mtm_only,0
2021-06-02,477.82,0.0,477.82,14309794.02,14310271.84,20,mtm_only,0
2021-06-03,477.82,0.0,477.82,14228429.04,14228906.86,20,mtm_only,0
2021-06-04,477.82,651204.52,651682.35,13768232.92,14419915.26,19,mtm_only,1
2021-06-07,4.06,372407.36,372411.42,14003885.95,14376297.37,19,rebalance,1
2021-06-08,372411.42,0.0,372411.42,14231469.91,14603881.33,19,mtm_only,0
2021-06-09,372411.42,0.0,372411.42,14232012.05,14604423.47,19,mtm_only,0
2021-06-10,372411.42,593819.23,966230.65,13952313.01,14918543.66,18,mtm_only,1
2021-06-11,966230.65,480152.12,1446382.76,13449026.98,14895409.75,17,mtm_only,1
2021-06-15,1215.06,504795.05,506010.11,14213575.93,14719586.04,19,rebalance,1
2021-06-16,506010.11,3168336.75,3674346.86,10713289.05,14387635.91,16,mtm_only,3
2021-06-17,3674346.86,1108806.01,4783152.87,9907188.03,14690340.91,14,mtm_only,2
2021-06-18,4783152.87,0.0,4783152.87,10097175.06,14880327.94,14,mtm_only,0
2021-06-21,19222.36,0.0,19222.36,15336483.97,15355706.33,20,rebalance,0
2021-06-22,19222.36,739088.15,758310.52,14813921.83,15572232.35,19,mtm_only,1
2021-06-23,758310.52,0.0,758310.52,15007831.99,15766142.51,19,mtm_only,0
2021-06-24,758310.52,1225163.59,1983474.11,13487014.94,15470489.05,17,mtm_only,2
2021-06-25,1983474.11,843102.77,2826576.89,12544707.1,15371283.99,16,mtm_only,1
2021-06-28,4511.09,0.0,4511.09,15477772.98,15482284.08,20,rebalance,0
2021-06-29,4511.09,0.0,4511.09,15318068.85,15322579.94,20,mtm_only,0
2021-06-30,4511.09,1273440.75,1277951.84,14031681.91,15309633.76,18,mtm_only,2
2021-07-01,1277951.84,646435.76,1924387.6,13316610.96,15240998.56,17,mtm_only,1
2021-07-02,1924387.6,0.0,1924387.6,13095501.94,15019889.54,17,mtm_only,0
2021-07-05,8819.98,0.0,8819.98,15317035.02,15325854.99,20,rebalance,0
2021-07-06,8819.98,2441726.4,2450546.38,12864349.06,15314895.44,18,mtm_only,2
2021-07-07,2450546.38,0.0,2450546.38,13041322.98,15491869.36,18,mtm_only,0
2021-07-08,2450546.38,506841.42,2957387.8,12457539.99,15414927.79,17,mtm_only,1
2021-07-09,2957387.8,559551.82,3516939.62,12037862.0,15554801.62,16,mtm_only,1
2021-07-12,7359.05,0.0,7359.05,15787585.18,15794944.22,20,rebalance,0
2021-07-13,7359.05,0.0,7359.05,15781706.08,15789065.12,20,mtm_only,0
2021-07-14,7359.05,0.0,7359.05,15619850.01,15627209.05,20,mtm_only,0
2021-07-15,7359.05,0.0,7359.05,15750051.98,15757411.02,20,mtm_only,0
2021-07-16,7359.05,1124386.72,1131745.77,14537669.89,15669415.66,19,mtm_only,1
2021-07-19,3372.47,588314.37,591686.84,15052093.02,15643779.86,19,rebalance,1
2021-07-20,591686.84,737112.72,1328799.57,14374882.04,15703681.61,18,mtm_only,1
2021-07-21,1328799.57,1006090.68,2334890.25,13730172.93,16065063.19,17,mtm_only,1
2021-07-22,2334890.25,0.0,2334890.25,13749943.23,16084833.48,17,mtm_only,0
2021-07-23,2334890.25,809959.94,3144850.19,12734256.93,15879107.12,16,mtm_only,1
2021-07-26,4250.78,1965806.73,1970057.51,14047233.87,16017291.39,17,rebalance,3
2021-07-27,1970057.51,2823515.46,4793572.97,10799144.85,15592717.82,14,mtm_only,3
2021-07-28,4793572.97,2134485.2,6928058.17,8371514.94,15299573.11,11,mtm_only,3
2021-07-29,6928058.17,0.0,6928058.17,8606312.03,15534370.2,11,mtm_only,0
2021-07-30,6928058.17,0.0,6928058.17,8675148.98,15603207.15,11,mtm_only,0
2021-08-02,53745.11,0.0,53745.11,15757774.91,15811520.02,20,rebalance,0
2021-08-03,53745.11,785138.25,838883.35,15356708.02,16195591.38,19,mtm_only,1
2021-08-04,838883.35,0.0,838883.35,15601643.9,16440527.25,19,mtm_only,0
2021-08-05,838883.35,697390.4,1536273.75,14885618.97,16421892.72,18,mtm_only,1
2021-08-06,1536273.75,0.0,1536273.75,14858650.89,16394924.64,18,mtm_only,0
2021-08-09,4644.78,0.0,4644.78,16628230.91,16632875.7,20,rebalance,0
2021-08-10,4644.78,0.0,4644.78,16795432.96,16800077.74,20,mtm_only,0
2021-08-11,4644.78,0.0,4644.78,17035094.19,17039738.98,20,mtm_only,0
2021-08-12,4644.78,0.0,4644.78,16990889.97,16995534.76,20,mtm_only,0
2021-08-13,4644.78,2173016.04,2177660.82,14742406.08,16920066.91,17,mtm_only,3
2021-08-16,5515.03,703544.42,709059.46,16176526.91,16885586.37,19,rebalance,1
2021-08-17,709059.46,2640690.39,3349749.84,12984461.98,16334211.82,16,mtm_only,3
2021-08-18,3349749.84,0.0,3349749.84,13055642.01,16405391.85,16,mtm_only,0
2021-08-19,3349749.84,0.0,3349749.84,13075958.03,16425707.87,16,mtm_only,0
2021-08-20,3349749.84,695335.11,4045084.95,12305798.02,16350882.98,15,mtm_only,1
2021-08-23,11348.62,0.0,11348.62,16688598.95,16699947.57,20,rebalance,0
2021-08-24,11348.62,0.0,11348.62,16845876.86,16857225.47,20,mtm_only,0
2021-08-25,11348.62,0.0,11348.62,17021255.03,17032603.65,20,mtm_only,0
2021-08-26,11348.62,0.0,11348.62,16722763.94,16734112.56,20,mtm_only,0
2021-08-27,11348.62,1481088.5,1492437.12,15216089.95,16708527.08,18,mtm_only,2
2021-08-30,2818.71,1102591.13,1105409.85,15704832.06,16810241.91,19,rebalance,1
2021-08-31,1105409.85,652880.33,1758290.18,15040024.94,16798315.12,18,mtm_only,1
2021-09-01,1758290.18,911613.63,2669903.81,14129171.03,16799074.84,17,mtm_only,1
2021-09-02,2669903.81,682409.88,3352313.7,13521728.86,16874042.56,16,mtm_only,1
2021-09-03,3352313.7,2849697.46,6202011.15,10503143.05,16705154.2,12,mtm_only,4
2021-09-06,57027.25,0.0,57027.25,17037215.92,17094243.17,20,rebalance,0
2021-09-07,57027.25,0.0,57027.25,17018271.97,17075299.23,20,mtm_only,0
2021-09-08,57027.25,744591.01,801618.27,16292757.1,17094375.37,19,mtm_only,1
2021-09-09,801618.27,1915542.11,2717160.37,14445065.89,17162226.27,17,mtm_only,2
2021-09-10,2717160.37,0.0,2717160.37,14786302.92,17503463.3,17,mtm_only,0
2021-09-13,19134.67,2373047.78,2392182.44,14458053.96,16850236.4,17,rebalance,3
2021-09-14,2392182.44,2816281.95,5208464.39,11600718.08,16809182.47,14,mtm_only,3
2021-09-15,5208464.39,0.0,5208464.39,11733845.09,16942309.48,14,mtm_only,0
2021-09-16,5208464.39,831058.46,6039522.85,10532798.0,16572320.86,13,mtm_only,1
2021-09-17,6039522.85,1489669.39,7529192.24,9054176.96,16583369.2,11,mtm_only,2
2021-09-22,28803.15,0.0,28803.15,16882258.87,16911062.03,20,rebalance,0
2021-09-23,28803.15,0.0,28803.15,17259457.89,17288261.04,20,mtm_only,0
2021-09-24,28803.15,0.0,28803.15,17079520.89,17108324.04,20,mtm_only,0
2021-09-27,28803.15,1611283.09,1640086.24,14387673.04,16027759.28,18,rebalance,2
2021-09-28,1640086.24,766197.87,2406284.11,13604558.83,16010842.95,17,mtm_only,1
2021-09-29,2406284.11,1526279.7,3932563.81,11764826.11,15697389.92,15,mtm_only,2
2021-09-30,3932563.81,0.0,3932563.81,12154560.98,16087124.8,15,mtm_only,0
2021-10-08,28591.08,699353.87,727944.95,14857322.12,15585267.07,19,rebalance,1
2021-10-11,1950.15,2898596.78,2900546.93,12371414.07,15271961.0,16,rebalance,4
2021-10-12,2900546.93,4407244.5,7307791.43,7500292.01,14808083.45,10,mtm_only,6
2021-10-13,7307791.43,0.0,7307791.43,7755043.0,15062834.44,10,mtm_only,0
2021-10-14,7307791.43,0.0,7307791.43,7781882.92,15089674.35,10,mtm_only,0
2021-10-15,7307791.43,0.0,7307791.43,8073224.87,15381016.3,10,mtm_only,0
2021-10-18,26430.78,762399.81,788830.59,15770839.14,16559669.73,19,rebalance,1
2021-10-19,788830.59,0.0,788830.59,15940452.04,16729282.63,19,mtm_only,0
2021-10-20,788830.59,0.0,788830.59,16282876.92,17071707.51,19,mtm_only,0
2021-10-21,788830.59,956355.41,1745186.0,15225911.93,16971097.93,18,mtm_only,1
2021-10-22,1745186.0,0.0,1745186.0,15285596.88,17030782.88,18,mtm_only,0
2021-10-25,1744.9,0.0,1744.9,17706478.97,17708223.87,20,rebalance,0
2021-10-26,1744.9,631138.65,632883.56,17281106.1,17913989.66,19,mtm_only,1
2021-10-27,632883.56,0.0,632883.56,17528898.87,18161782.43,19,mtm_only,0
2021-10-28,632883.56,1761283.94,2394167.5,15597992.22,17992159.72,17,mtm_only,2
2021-10-29,2394167.5,0.0,2394167.5,16002258.09,18396425.59,17,mtm_only,0
2021-11-01,12444.59,0.0,12444.59,18281014.95,18293459.54,20,rebalance,0
2021-11-02,12444.59,3163357.3,3175801.89,15070781.97,18246583.87,18,mtm_only,2
2021-11-03,3175801.89,0.0,3175801.89,14933297.88,18109099.77,18,mtm_only,0
2021-11-04,3175801.89,654797.85,3830599.75,14615861.89,18446461.64,17,mtm_only,1
2021-11-05,3830599.75,733651.24,4564250.99,13682411.99,18246662.98,16,mtm_only,1
2021-11-08,29527.0,647697.07,677224.07,17884773.89,18561997.96,19,rebalance,1
2021-11-09,677224.07,0.0,677224.07,17971903.81,18649127.88,19,mtm_only,0
2021-11-10,677224.07,667381.46,1344605.53,17131481.2,18476086.73,18,mtm_only,1
2021-11-11,1344605.53,0.0,1344605.53,17501578.0,18846183.53,18,mtm_only,0
2021-11-12,1344605.53,0.0,1344605.53,17694429.11,19039034.64,18,mtm_only,0
2021-11-15,45247.2,1641911.23,1687158.43,16726924.92,18414083.35,18,rebalance,2
2021-11-16,1687158.43,2969932.98,4657091.42,13495197.92,18152289.34,15,mtm_only,3
2021-11-17,4657091.42,0.0,4657091.42,13900882.04,18557973.46,15,mtm_only,0
2021-11-18,4657091.42,0.0,4657091.42,14050788.81,18707880.22,15,mtm_only,0
2021-11-19,4657091.42,0.0,4657091.42,14160853.09,18817944.51,15,mtm_only,0
2021-11-22,15714.06,0.0,15714.06,19794826.72,19810540.78,20,rebalance,0
2021-11-23,15714.06,0.0,15714.06,19513539.03,19529253.1,20,mtm_only,0
2021-11-24,15714.06,0.0,15714.06,19220797.17,19236511.23,20,mtm_only,0
2021-11-25,15714.06,0.0,15714.06,19170764.89,19186478.95,20,mtm_only,0
2021-11-26,15714.06,0.0,15714.06,19356536.83,19372250.89,20,mtm_only,0
2021-11-29,15714.06,0.0,15714.06,20090523.78,20106237.85,20,rebalance,0
2021-11-30,15714.06,0.0,15714.06,20001380.86,20017094.93,20,mtm_only,0
2021-12-01,15714.06,982723.14,998437.21,18616990.0,19615427.21,19,mtm_only,1
2021-12-02,998437.21,1202175.48,2200612.68,17223453.87,19424066.55,18,mtm_only,1
2021-12-03,2200612.68,927700.7,3128313.38,16451320.98,19579634.37,17,mtm_only,1
2021-12-06,24429.58,2219871.15,2244300.72,16778334.9,19022635.63,18,rebalance,2
2021-12-07,2244300.72,4645472.33,6889773.06,11594383.08,18484156.13,13,mtm_only,5
2021-12-08,6889773.06,0.0,6889773.06,11944184.99,18833958.04,13,mtm_only,0
2021-12-09,6889773.06,0.0,6889773.06,11879217.09,18768990.14,13,mtm_only,0
2021-12-10,6889773.06,0.0,6889773.06,11985783.16,18875556.21,13,mtm_only,0
2021-12-13,23229.14,0.0,23229.14,18832040.81,18855269.95,20,rebalance,0
2021-12-14,23229.14,0.0,23229.14,18734333.83,18757562.97,20,mtm_only,0
2021-12-15,23229.14,3636815.1,3660044.24,14930313.93,18590358.18,16,mtm_only,4
2021-12-16,3660044.24,0.0,3660044.24,14932819.11,18592863.35,16,mtm_only,0
2021-12-17,3660044.24,841496.9,4501541.14,13717137.04,18218678.18,15,mtm_only,1
2021-12-20,22527.71,4308444.07,4330971.79,13313591.97,17644563.76,15,rebalance,5
2021-12-21,4330971.79,0.0,4330971.79,13389463.02,17720434.81,15,mtm_only,0
2021-12-22,4330971.79,1550975.57,5881947.36,11795914.96,17677862.31,13,mtm_only,2
2021-12-23,5881947.36,0.0,5881947.36,11851649.06,17733596.42,13,mtm_only,0
2021-12-24,5881947.36,797981.53,6679928.89,10633843.08,17313771.97,12,mtm_only,1
2021-12-27,86738.85,2561627.34,2648366.19,14558221.02,17206587.21,17,rebalance,3
2021-12-28,2648366.19,0.0,2648366.19,14882139.01,17530505.2,17,mtm_only,0
2021-12-29,2648366.19,950483.07,3598849.25,13799625.98,17398475.24,16,mtm_only,1
2021-12-30,3598849.25,0.0,3598849.25,14029986.07,17628835.33,16,mtm_only,0
2021-12-31,3598849.25,0.0,3598849.25,14185229.06,17784078.31,16,mtm_only,0
2022-01-04,8526.84,5079810.13,5088336.97,12051106.97,17139443.94,14,rebalance,6
2022-01-05,5088336.97,3167886.37,8256223.34,8464615.04,16720838.39,10,mtm_only,4
2022-01-06,8256223.34,771979.32,9028202.66,7737398.04,16765600.7,9,mtm_only,1
2022-01-07,9028202.66,2395034.13,11423236.79,5070509.03,16493745.82,6,mtm_only,3
2022-01-10,48223.06,834825.59,883048.65,15707088.86,16590137.5,19,rebalance,1
2022-01-11,883048.65,748925.33,1631973.98,14662200.99,16294174.97,18,mtm_only,1
2022-01-12,1631973.98,0.0,1631973.98,15045935.08,16677909.06,18,mtm_only,0
2022-01-13,1631973.98,752630.5,2384604.48,14204442.02,16589046.5,17,mtm_only,1
2022-01-14,2384604.48,744810.69,3129415.17,13806101.04,16935516.21,16,mtm_only,1
2022-01-17,7095.55,837606.94,844702.49,16593651.89,17438354.38,19,rebalance,1
2022-01-18,844702.49,0.0,844702.49,16603936.95,17448639.44,19,mtm_only,0
2022-01-19,844702.49,0.0,844702.49,16308206.87,17152909.36,19,mtm_only,0
2022-01-20,844702.49,0.0,844702.49,15930094.06,16774796.55,19,mtm_only,0
2022-01-21,844702.49,4117567.47,4962269.96,11521247.08,16483517.04,14,mtm_only,5
2022-01-24,14254.47,769866.12,784120.59,15905526.05,16689646.64,19,rebalance,1
2022-01-25,784120.59,2863946.86,3648067.45,12498207.9,16146275.35,15,mtm_only,4
2022-01-26,3648067.45,0.0,3648067.45,12752830.03,16400897.49,15,mtm_only,0
2022-01-27,3648067.45,3316331.16,6964398.61,9014629.08,15979027.7,11,mtm_only,4
2022-01-28,6964398.61,736606.37,7701004.99,8061724.94,15762729.93,10,mtm_only,1
2022-02-07,10824.44,723333.63,734158.07,15024875.02,15759033.09,19,rebalance,1
2022-02-08,734158.07,4447059.65,5181217.72,10322716.01,15503933.74,13,mtm_only,6
2022-02-09,5181217.72,0.0,5181217.72,10511998.08,15693215.8,13,mtm_only,0
2022-02-10,5181217.72,705635.7,5886853.42,9711294.07,15598147.49,12,mtm_only,1
2022-02-11,5886853.42,1450838.88,7337692.31,7998991.01,15336683.32,10,mtm_only,2
2022-02-14,21551.5,711635.87,733187.38,14643680.09,15376867.47,19,rebalance,1
2022-02-15,733187.38,0.0,733187.38,15029838.97,15763026.35,19,mtm_only,0
2022-02-16,733187.38,0.0,733187.38,15036980.04,15770167.42,19,mtm_only,0
2022-02-17,733187.38,0.0,733187.38,15208596.13,15941783.51,19,mtm_only,0
2022-02-18,733187.38,0.0,733187.38,15227430.99,15960618.37,19,mtm_only,0
2022-02-21,1525.21,0.0,1525.21,16069457.08,16070982.29,20,rebalance,0
2022-02-22,1525.21,678037.62,679562.83,15356648.95,16036211.77,19,mtm_only,1
2022-02-23,679562.83,0.0,679562.83,15743091.05,16422653.87,19,mtm_only,0
2022-02-24,679562.83,0.0,679562.83,15489192.1,16168754.92,19,mtm_only,0
2022-02-25,679562.83,0.0,679562.83,15692659.01,16372221.84,19,mtm_only,0
2022-02-28,3685.13,0.0,3685.13,16400000.01,16403685.14,20,rebalance,0
2022-03-01,3685.13,0.0,3685.13,16463104.05,16466789.18,20,mtm_only,0
2022-03-02,3685.13,0.0,3685.13,16334477.99,16338163.12,20,mtm_only,0
2022-03-03,3685.13,885013.21,888698.33,15122496.91,16011195.24,19,mtm_only,1
2022-03-04,888698.33,1592271.81,2480970.14,13323149.12,15804119.26,17,mtm_only,2
2022-03-07,4577.31,2186739.15,2191316.46,13203227.1,15394543.56,17,rebalance,3
2022-03-08,2191316.46,2978402.99,5169719.45,9869019.93,15038739.39,13,mtm_only,4
2022-03-09,5169719.45,2743860.16,7913579.61,6941995.11,14855574.72,9,mtm_only,4
2022-03-10,7913579.61,0.0,7913579.61,7008599.93,14922179.54,9,mtm_only,0
2022-03-11,7913579.61,0.0,7913579.61,6935357.95,14848937.56,9,mtm_only,0
2022-03-14,8397.78,2246296.67,2254694.45,12194940.03,14449634.48,17,rebalance,3
2022-03-15,2254694.45,6062226.72,8316921.17,5596331.04,13913252.21,8,mtm_only,9
2022-03-16,8316921.17,0.0,8316921.17,5726549.05,14043470.22,8,mtm_only,0
2022-03-17,8316921.17,0.0,8316921.17,5936275.99,14253197.16,8,mtm_only,0
2022-03-18,8316921.17,0.0,8316921.17,5962035.92,14278957.09,8,mtm_only,0
2022-03-21,25579.93,0.0,25579.93,14326863.98,14352443.9,20,rebalance,0
2022-03-22,25579.93,0.0,25579.93,14241997.96,14267577.89,20,mtm_only,0
2022-03-23,25579.93,0.0,25579.93,14262818.19,14288398.12,20,mtm_only,0
2022-03-24,25579.93,0.0,25579.93,14005019.04,14030598.97,20,mtm_only,0
2022-03-25,25579.93,2020184.91,2045764.84,11736136.94,13781901.78,17,mtm_only,3
2022-03-28,18504.15,1346208.06,1364712.21,12353072.98,13717785.19,18,rebalance,2
2022-03-29,1364712.21,1302503.95,2667216.16,10993855.07,13661071.23,16,mtm_only,2
2022-03-30,2667216.16,0.0,2667216.16,11269417.06,13936633.22,16,mtm_only,0
2022-03-31,2667216.16,0.0,2667216.16,11058826.0,13726042.16,16,mtm_only,0
2022-04-01,2667216.16,0.0,2667216.16,11049661.07,13716877.23,16,mtm_only,0
2022-04-06,8746.88,2599149.51,2607896.39,10978611.09,13586507.48,16,rebalance,4
2022-04-07,2607896.39,1921509.37,4529405.75,8827071.99,13356477.75,13,mtm_only,3
2022-04-08,4529405.75,0.0,4529405.75,8878089.0,13407494.75,13,mtm_only,0
2022-04-11,11448.69,4936377.88,4947826.57,8007955.9,12955782.47,12,rebalance,8
2022-04-12,4947826.57,0.0,4947826.57,8141523.04,13089349.61,12,mtm_only,0
2022-04-13,4947826.57,0.0,4947826.57,8167765.9,13115592.48,12,mtm_only,0
2022-04-14,4947826.57,0.0,4947826.57,8304141.03,13251967.61,12,mtm_only,0
2022-04-15,4947826.57,0.0,4947826.57,8213010.84,13160837.41,12,mtm_only,0
2022-04-18,13354.58,856425.47,869780.05,12486864.03,13356644.08,19,rebalance,1
2022-04-19,869780.05,0.0,869780.05,12520276.89,13390056.94,19,mtm_only,0
2022-04-20,869780.05,596721.4,1466501.45,11885942.08,13352443.53,18,mtm_only,1
2022-04-21,1466501.45,1825172.77,3291674.22,9604959.93,12896634.15,15,mtm_only,3
2022-04-22,3291674.22,597330.62,3889004.83,8929671.9,12818676.74,14,mtm_only,1
2022-04-25,36449.8,6222537.08,6258986.89,5734796.96,11993783.84,9,rebalance,11
2022-04-26,6258986.89,1172047.67,7431034.56,4511755.02,11942789.58,7,mtm_only,2
2022-04-27,7431034.56,0.0,7431034.56,4754263.03,12185297.59,7,mtm_only,0
2022-04-28,7431034.56,0.0,7431034.56,4691191.02,12122225.57,7,mtm_only,0
2022-04-29,7431034.56,0.0,7431034.56,4746688.99,12177723.55,7,mtm_only,0
2022-05-05,49618.93,0.0,49618.93,12329233.0,12378851.93,20,rebalance,0
2022-05-06,49618.93,0.0,49618.93,12146859.11,12196478.04,20,mtm_only,0
2022-05-09,49618.93,586117.21,635736.14,11710958.08,12346694.22,19,rebalance,1
2022-05-10,635736.14,689542.61,1325278.75,11238262.07,12563540.82,18,mtm_only,1
2022-05-11,1325278.75,0.0,1325278.75,11419040.9,12744319.65,18,mtm_only,0
2022-05-12,1325278.75,0.0,1325278.75,11507835.95,12833114.7,18,mtm_only,0
2022-05-13,1325278.75,0.0,1325278.75,11527429.06,12852707.82,18,mtm_only,0
2022-05-16,973.96,0.0,973.96,12789373.04,12790347.0,20,rebalance,0
2022-05-17,973.96,0.0,973.96,12905530.03,12906503.99,20,mtm_only,0
2022-05-18,973.96,0.0,973.96,13010798.92,13011772.88,20,mtm_only,0
2022-05-19,973.96,0.0,973.96,13076573.02,13077546.98,20,mtm_only,0
2022-05-20,973.96,0.0,973.96,13277402.92,13278376.88,20,mtm_only,0
2022-05-23,973.96,0.0,973.96,13308666.04,13309640.0,20,rebalance,0
2022-05-24,973.96,0.0,973.96,12929598.95,12930572.91,20,mtm_only,0
2022-05-25,973.96,482831.64,483805.6,12424721.01,12908526.61,19,mtm_only,1
2022-05-26,483805.6,0.0,483805.6,12527056.07,13010861.67,19,mtm_only,0
2022-05-27,483805.6,0.0,483805.6,12443498.92,12927304.52,19,mtm_only,0
2022-05-30,37.35,0.0,37.35,12999596.96,12999634.32,20,rebalance,0
2022-05-31,37.35,0.0,37.35,13241656.99,13241694.34,20,mtm_only,0
2022-06-01,37.35,438717.07,438754.43,12697991.09,13136745.51,19,mtm_only,1
2022-06-02,438754.43,415762.91,854517.33,12447170.85,13301688.18,18,mtm_only,1
2022-06-06,67.73,687904.77,687972.5,12740805.86,13428778.36,19,rebalance,1
2022-06-07,687972.5,0.0,687972.5,12645416.9,13333389.4,19,mtm_only,0
2022-06-08,687972.5,0.0,687972.5,12563499.0,13251471.49,19,mtm_only,0
2022-06-09,687972.5,0.0,687972.5,12288916.07,12976888.57,19,mtm_only,0
2022-06-10,687972.5,457554.54,1145527.04,11923046.03,13068573.07,18,mtm_only,1
2022-06-13,21191.92,0.0,21191.92,12989769.04,13010960.96,20,rebalance,0
2022-06-14,21191.92,0.0,21191.92,12938823.0,12960014.92,20,mtm_only,0
2022-06-15,21191.92,0.0,21191.92,12861752.06,12882943.98,20,mtm_only,0
2022-06-16,21191.92,0.0,21191.92,12906248.17,12927440.1,20,mtm_only,0
2022-06-17,21191.92,0.0,21191.92,13003699.98,13024891.91,20,mtm_only,0
2022-06-20,21191.92,0.0,21191.92,13090677.88,13111869.81,20,rebalance,0
2022-06-21,21191.92,1550703.99,1571895.91,11518020.91,13089916.83,18,mtm_only,2
2022-06-22,1571895.91,609207.18,2181103.1,10779787.12,12960890.22,17,mtm_only,1
2022-06-23,2181103.1,0.0,2181103.1,11086420.08,13267523.18,17,mtm_only,0
2022-06-24,2181103.1,0.0,2181103.1,11171728.05,13352831.14,17,mtm_only,0
2022-06-27,31038.05,507659.34,538697.4,12875786.86,13414484.26,19,rebalance,1
2022-06-28,538697.4,0.0,538697.4,13038102.11,13576799.5,19,mtm_only,0
2022-06-29,538697.4,0.0,538697.4,12755422.96,13294120.36,19,mtm_only,0
2022-06-30,538697.4,941386.87,1480084.26,11887166.13,13367250.39,18,mtm_only,1
2022-07-01,1480084.26,0.0,1480084.26,11772504.92,13252589.19,18,mtm_only,0
2022-07-04,2977.04,673942.92,676919.96,12744421.07,13421341.03,19,rebalance,1
2022-07-05,676919.96,596553.67,1273473.64,12052587.93,13326061.56,18,mtm_only,1
2022-07-06,1273473.64,0.0,1273473.64,12063435.93,13336909.57,18,mtm_only,0
2022-07-07,1273473.64,0.0,1273473.64,12207242.99,13480716.63,18,mtm_only,0
2022-07-08,1273473.64,0.0,1273473.64,12259191.99,13532665.62,18,mtm_only,0
2022-07-11,154.07,663606.37,663760.45,12671637.97,13335398.41,19,rebalance,1
2022-07-12,663760.45,931968.17,1595728.62,11450996.02,13046724.64,18,mtm_only,1
2022-07-13,1595728.62,0.0,1595728.62,11574305.94,13170034.56,18,mtm_only,0
2022-07-14,1595728.62,0.0,1595728.62,11703738.02,13299466.64,18,mtm_only,0
2022-07-15,1595728.62,0.0,1595728.62,11642702.01,13238430.63,18,mtm_only,0
2022-07-18,1187.91,0.0,1187.91,13525322.94,13526510.85,20,rebalance,0
2022-07-19,1187.91,0.0,1187.91,13569283.18,13570471.09,20,mtm_only,0
2022-07-20,1187.91,525198.51,526386.42,13149223.91,13675610.34,19,mtm_only,1
2022-07-21,526386.42,0.0,526386.42,13224462.0,13750848.42,19,mtm_only,0
2022-07-22,526386.42,0.0,526386.42,13214141.14,13740527.56,19,mtm_only,0
2022-07-25,1825.25,0.0,1825.25,13651674.98,13653500.22,20,rebalance,0
2022-07-26,1825.25,0.0,1825.25,13760264.01,13762089.26,20,mtm_only,0
2022-07-27,1825.25,0.0,1825.25,13960706.99,13962532.23,20,mtm_only,0
2022-07-28,1825.25,0.0,1825.25,14083118.12,14084943.36,20,mtm_only,0
2022-07-29,1825.25,703160.9,704986.15,13280448.1,13985434.25,19,mtm_only,1
2022-08-01,200.89,0.0,200.89,14123876.05,14124076.93,20,rebalance,0
2022-08-02,200.89,606191.12,606392.01,13186544.9,13792936.91,19,mtm_only,1
2022-08-03,606392.01,741502.05,1347894.06,12355378.1,13703272.16,18,mtm_only,1
2022-08-04,1347894.06,880617.0,2228511.06,11489961.94,13718473.0,17,mtm_only,1
2022-08-05,2228511.06,0.0,2228511.06,11690951.86,13919462.92,17,mtm_only,0
2022-08-08,8901.66,0.0,8901.66,14094628.12,14103529.78,20,rebalance,0
2022-08-09,8901.66,0.0,8901.66,14034183.0,14043084.66,20,mtm_only,0
2022-08-10,8901.66,758272.16,767173.83,13389899.98,14157073.8,19,mtm_only,1
2022-08-11,767173.83,0.0,767173.83,13472075.94,14239249.76,19,mtm_only,0
2022-08-12,767173.83,0.0,767173.83,13329364.01,14096537.84,19,mtm_only,0
2022-08-15,578.32,0.0,578.32,14173109.06,14173687.38,20,rebalance,0
2022-08-16,578.32,0.0,578.32,14228686.05,14229264.36,20,mtm_only,0
2022-08-17,578.32,0.0,578.32,14216621.97,14217200.29,20,mtm_only,0
2022-08-18,578.32,0.0,578.32,14343446.99,14344025.3,20,mtm_only,0
2022-08-19,578.32,0.0,578.32,14041902.93,14042481.24,20,mtm_only,0
2022-08-22,578.32,0.0,578.32,14220134.01,14220712.32,20,rebalance,0
2022-08-23,578.32,0.0,578.32,14279716.84,14280295.16,20,mtm_only,0
2022-08-24,578.32,3238875.95,3239454.27,10432108.01,13671562.27,16,mtm_only,4
2022-08-25,3239454.27,636263.99,3875718.26,9758510.06,13634228.32,15,mtm_only,1
2022-08-26,3875718.26,0.0,3875718.26,9774701.02,13650419.28,15,mtm_only,0
2022-08-29,7956.62,394226.96,402183.58,13375828.93,13778012.51,19,rebalance,1
2022-08-30,402183.58,0.0,402183.58,13302904.12,13705087.71,19,mtm_only,0
2022-08-31,402183.58,2049861.34,2452044.92,10915231.96,13367276.89,16,mtm_only,3
2022-09-01,2452044.92,0.0,2452044.92,10935969.04,13388013.97,16,mtm_only,0
2022-09-02,2452044.92,0.0,2452044.92,11073759.09,13525804.02,16,mtm_only,0
2022-09-05,6020.51,0.0,6020.51,13388496.02,13394516.53,20,rebalance,0
2022-09-06,6020.51,0.0,6020.51,13548993.97,13555014.48,20,mtm_only,0
2022-09-07,6020.51,0.0,6020.51,13761848.02,13767868.53,20,mtm_only,0
2022-09-08,6020.51,0.0,6020.51,13707821.8,13713842.32,20,mtm_only,0
2022-09-09,6020.51,657563.28,663583.79,13043350.08,13706933.87,19,mtm_only,1
2022-09-13,162.28,0.0,162.28,13736347.05,13736509.33,20,rebalance,0
2022-09-14,162.28,0.0,162.28,13527983.94,13528146.22,20,mtm_only,0
2022-09-15,162.28,3120996.4,3121158.67,9948954.97,13070113.64,15,mtm_only,5
2022-09-16,3121158.67,1241701.05,4362859.72,8548091.99,12910951.71,13,mtm_only,2
2022-09-19,5698.45,1321435.3,1327133.75,11419409.04,12746542.8,18,rebalance,2
2022-09-20,1327133.75,0.0,1327133.75,11558989.88,12886123.63,18,mtm_only,0
2022-09-21,1327133.75,1277623.3,2604757.05,10278213.85,12882970.9,16,mtm_only,2
2022-09-22,2604757.05,676780.24,3281537.29,9578928.92,12860466.2,15,mtm_only,1
2022-09-23,3281537.29,719029.27,4000566.56,8735067.06,12735633.61,14,mtm_only,1
2022-09-26,10436.96,575650.85,586087.82,12115742.01,12701829.83,19,rebalance,1
2022-09-27,586087.82,0.0,586087.82,12342899.02,12928986.83,19,mtm_only,0
2022-09-28,586087.82,0.0,586087.82,12051456.9,12637544.72,19,mtm_only,0
2022-09-29,586087.82,0.0,586087.82,12123079.07,12709166.88,19,mtm_only,0
2022-09-30,586087.82,1681922.17,2268009.98,10261964.95,12529974.93,16,mtm_only,3
2022-10-10,2655.18,2913015.02,2915670.2,9243965.98,12159636.18,15,rebalance,5
2022-10-11,2915670.2,1079091.67,3994761.87,8294659.91,12289421.78,13,mtm_only,2
2022-10-12,3994761.87,0.0,3994761.87,8585789.99,12580551.86,13,mtm_only,0
2022-10-13,3994761.87,0.0,3994761.87,7591273.91,11586035.78,13,mtm_only,0
2022-10-14,3994761.87,0.0,3994761.87,8689967.07,12684728.94,13,mtm_only,0
2022-10-17,6991.31,522731.71,529723.03,12295195.04,12824918.07,19,rebalance,1
2022-10-18,529723.03,0.0,529723.03,12380662.09,12910385.12,19,mtm_only,0
2022-10-19,529723.03,0.0,529723.03,12290477.1,12820200.13,19,mtm_only,0
2022-10-20,529723.03,0.0,529723.03,12306805.04,12836528.07,19,mtm_only,0
2022-10-21,529723.03,0.0,529723.03,12375784.02,12905507.05,19,mtm_only,0
2022-10-24,2502.38,0.0,2502.38,12922773.94,12925276.32,20,rebalance,0
2022-10-25,2502.38,0.0,2502.38,12978687.96,12981190.34,20,mtm_only,0
2022-10-26,2502.38,0.0,2502.38,13213482.0,13215984.38,20,mtm_only,0
2022-10-27,2502.38,0.0,2502.38,13087146.94,13089649.32,20,mtm_only,0
2022-10-28,2502.38,812317.86,814820.24,11822916.95,12637737.19,19,mtm_only,1
2022-10-31,7542.92,1021230.95,1028773.87,11866002.11,12894775.98,19,rebalance,1
2022-11-01,1028773.87,0.0,1028773.87,12206013.98,13234787.85,19,mtm_only,0
2022-11-02,1028773.87,0.0,1028773.87,12410153.98,13438927.85,19,mtm_only,0
2022-11-03,1028773.87,0.0,1028773.87,12472069.0,13500842.87,19,mtm_only,0
2022-11-04,1028773.87,0.0,1028773.87,12689519.03,13718292.9,19,mtm_only,0
2022-11-07,1451.78,0.0,1451.78,13715270.0,13716721.79,20,rebalance,0
2022-11-08,1451.78,0.0,1451.78,13749946.01,13751397.8,20,mtm_only,0
2022-11-09,1451.78,0.0,1451.78,13601081.06,13602532.84,20,mtm_only,0
2022-11-10,1451.78,0.0,1451.78,13486644.95,13488096.73,20,mtm_only,0
2022-11-11,1451.78,0.0,1451.78,13531943.98,13533395.76,20,mtm_only,0
2022-11-14,1451.78,0.0,1451.78,13340861.04,13342312.83,20,rebalance,0
2022-11-15,1451.78,0.0,1451.78,13623983.98,13625435.76,20,mtm_only,0
2022-11-16,1451.78,0.0,1451.78,13596790.07,13598241.86,20,mtm_only,0
2022-11-17,1451.78,1409678.4,1411130.19,12133650.15,13544780.34,18,mtm_only,2
2022-11-18,1411130.19,1121968.85,2533099.04,11002100.96,13535199.99,16,mtm_only,2
2022-11-21,7469.19,0.0,7469.19,13729818.01,13737287.21,20,rebalance,0
2022-11-22,7469.19,0.0,7469.19,13622872.13,13630341.32,20,mtm_only,0
2022-11-23,7469.19,0.0,7469.19,13558642.98,13566112.17,20,mtm_only,0
2022-11-24,7469.19,0.0,7469.19,13488819.06,13496288.25,20,mtm_only,0
2022-11-25,7469.19,0.0,7469.19,13308818.9,13316288.09,20,mtm_only,0
2022-11-28,7469.19,574380.53,581849.72,12706421.09,13288270.81,19,rebalance,1
2022-11-29,581849.72,1046775.73,1628625.45,11708581.9,13337207.35,18,mtm_only,1
2022-11-30,1628625.45,525827.69,2154453.14,11307992.02,13462445.16,17,mtm_only,1
2022-12-01,2154453.14,0.0,2154453.14,11510866.16,13665319.3,17,mtm_only,0
2022-12-02,2154453.14,0.0,2154453.14,11422326.09,13576779.24,17,mtm_only,0
2022-12-05,3459.91,0.0,3459.91,13709782.9,13713242.8,20,rebalance,0
2022-12-06,3459.91,0.0,3459.91,13699769.08,13703228.98,20,mtm_only,0
2022-12-07,3459.91,0.0,3459.91,13601061.94,13604521.84,20,mtm_only,0
2022-12-08,3459.91,885508.61,888968.52,12592272.05,13481240.57,19,mtm_only,1
2022-12-09,888968.52,583596.53,1472565.04,11996462.02,13469027.07,18,mtm_only,1
2022-12-12,5063.31,0.0,5063.31,13404797.95,13409861.26,20,rebalance,0
2022-12-13,5063.31,589011.45,594074.76,12610053.98,13204128.74,19,mtm_only,1
2022-12-14,594074.76,640821.03,1234895.79,11968915.07,13203810.86,18,mtm_only,1
2022-12-15,1234895.79,0.0,1234895.79,12127635.01,13362530.8,18,mtm_only,0
2022-12-16,1234895.79,3191186.02,4426081.81,8684071.99,13110153.8,13,mtm_only,5
2022-12-19,17199.41,1455362.01,1472561.43,11452710.93,12925272.35,18,rebalance,2
2022-12-20,1472561.43,0.0,1472561.43,11442068.12,12914629.54,18,mtm_only,0
2022-12-21,1472561.43,1855085.78,3327647.21,9369643.98,12697291.19,15,mtm_only,3
2022-12-22,3327647.21,1104207.99,4431855.2,8121509.06,12553364.26,13,mtm_only,2
2022-12-23,4431855.2,1161776.09,5593631.3,6909566.06,12503197.35,11,mtm_only,2
2022-12-26,4954.74,0.0,4954.74,12858884.91,12863839.65,20,rebalance,0
2022-12-27,4954.74,0.0,4954.74,12945471.14,12950425.88,20,mtm_only,0
2022-12-28,4954.74,0.0,4954.74,12858776.96,12863731.7,20,mtm_only,0
2022-12-29,4954.74,0.0,4954.74,12801160.93,12806115.67,20,mtm_only,0
2022-12-30,4954.74,569618.69,574573.43,12206189.08,12780762.52,19,mtm_only,1
2023-01-03,1698.49,0.0,1698.49,13106646.93,13108345.42,20,rebalance,0
2023-01-04,1698.49,0.0,1698.49,13126733.93,13128432.42,20,mtm_only,0
2023-01-05,1698.49,0.0,1698.49,13388136.12,13389834.61,20,mtm_only,0
2023-01-06,1698.49,0.0,1698.49,13436354.96,13438053.44,20,mtm_only,0
2023-01-09,1698.49,0.0,1698.49,13424256.91,13425955.4,20,rebalance,0
2023-01-10,1698.49,0.0,1698.49,13440975.02,13442673.5,20,mtm_only,0
2023-01-11,1698.49,0.0,1698.49,13264052.0,13265750.49,20,mtm_only,0
2023-01-12,1698.49,0.0,1698.49,12719997.99,12721696.48,20,mtm_only,0
2023-01-13,1698.49,0.0,1698.49,12750769.0,12752467.49,20,mtm_only,0
2023-01-16,1698.49,0.0,1698.49,12909433.98,12911132.47,20,rebalance,0
2023-01-17,1698.49,0.0,1698.49,12938374.08,12940072.57,20,mtm_only,0
2023-01-18,1698.49,0.0,1698.49,13005745.02,13007443.51,20,mtm_only,0
2023-01-19,1698.49,0.0,1698.49,13147861.91,13149560.4,20,mtm_only,0
2023-01-20,1698.49,0.0,1698.49,13230147.08,13231845.57,20,mtm_only,0
2023-01-30,1698.49,0.0,1698.49,13320316.99,13322015.48,20,rebalance,0
2023-01-31,1698.49,0.0,1698.49,13372910.05,13374608.54,20,mtm_only,0
2023-02-01,1698.49,0.0,1698.49,13583752.01,13585450.5,20,mtm_only,0
2023-02-02,1698.49,0.0,1698.49,14391267.13,14392965.61,20,mtm_only,0
2023-02-03,1698.49,0.0,1698.49,14544106.0,14545804.49,20,mtm_only,0
2023-02-06,1698.49,0.0,1698.49,14737323.07,14739021.56,20,rebalance,0
2023-02-07,1698.49,0.0,1698.49,15218889.07,15220587.56,20,mtm_only,0
2023-02-08,1698.49,0.0,1698.49,15367261.93,15368960.42,20,mtm_only,0
2023-02-09,1698.49,0.0,1698.49,16072019.03,16073717.52,20,mtm_only,0
2023-02-10,1698.49,0.0,1698.49,16318560.16,16320258.65,20,mtm_only,0
2023-02-13,1698.49,0.0,1698.49,16909399.14,16911097.63,20,rebalance,0
2023-02-14,1698.49,0.0,1698.49,17205274.91,17206973.4,20,mtm_only,0
2023-02-15,1698.49,0.0,1698.49,17383050.12,17384748.61,20,mtm_only,0
2023-02-16,1698.49,1092958.63,1094657.12,15852528.01,16947185.13,19,mtm_only,1
2023-02-17,1094657.12,1304014.97,2398672.09,14305589.23,16704261.33,17,mtm_only,2
2023-02-20,2949.0,634127.74,637076.74,16258184.0,16895260.74,19,rebalance,1
2023-02-21,637076.74,0.0,637076.74,16405293.07,17042369.81,19,mtm_only,0
2023-02-22,637076.74,0.0,637076.74,16300946.22,16938022.96,19,mtm_only,0
2023-02-23,637076.74,877288.29,1514365.04,15143452.03,16657817.07,18,mtm_only,1
2023-02-24,1514365.04,0.0,1514365.04,15130118.94,16644483.97,18,mtm_only,0
2023-02-27,1113.88,763961.76,765075.64,15764432.16,16529507.8,19,rebalance,1
2023-02-28,765075.64,0.0,765075.64,16099442.23,16864517.87,19,mtm_only,0
2023-03-01,765075.64,0.0,765075.64,16343878.19,17108953.83,19,mtm_only,0
2023-03-02,765075.64,754871.61,1519947.25,15688175.98,17208123.23,18,mtm_only,1
2023-03-03,1519947.25,0.0,1519947.25,15794639.08,17314586.33,18,mtm_only,0
2023-03-06,2121.13,0.0,2121.13,17823240.76,17825361.89,20,rebalance,0
2023-03-07,2121.13,1307185.81,1309306.94,16287462.1,17596769.04,18,mtm_only,2
2023-03-08,1309306.94,0.0,1309306.94,16688700.96,17998007.91,18,mtm_only,0
2023-03-09,1309306.94,0.0,1309306.94,16731953.03,18041259.97,18,mtm_only,0
2023-03-10,1309306.94,3304739.29,4614046.23,12627562.94,17241609.18,17,mtm_only,1
2023-03-13,4649.38,0.0,4649.38,17483931.09,17488580.47,20,rebalance,0
2023-03-14,4649.38,2060768.09,2065417.47,15492748.11,17558165.58,17,mtm_only,3
2023-03-15,2065417.47,866722.06,2932139.53,14542736.05,17474875.58,16,mtm_only,1
2023-03-16,2932139.53,2792166.3,5724305.82,11800299.91,17524605.73,13,mtm_only,3
2023-03-17,5724305.82,695582.79,6419888.62,11198854.86,17618743.48,12,mtm_only,1
2023-03-20,11646.71,1126697.74,1138344.45,16479015.06,17617359.51,19,rebalance,1
2023-03-21,1138344.45,0.0,1138344.45,16709824.07,17848168.52,19,mtm_only,0
2023-03-22,1138344.45,0.0,1138344.45,16739085.89,17877430.34,19,mtm_only,0
2023-03-23,1138344.45,1623291.41,2761635.86,15023049.94,17784685.8,18,mtm_only,1
2023-03-24,2761635.86,0.0,2761635.86,15088174.81,17849810.68,18,mtm_only,0
2023-03-27,9970.51,0.0,9970.51,17941008.99,17950979.5,20,rebalance,0
2023-03-28,9970.51,0.0,9970.51,17744282.12,17754252.63,20,mtm_only,0
2023-03-29,9970.51,585421.12,595391.63,17075968.0,17671359.64,19,mtm_only,1
2023-03-30,595391.63,1818766.12,2414157.75,15025418.93,17439576.68,17,mtm_only,2
2023-03-31,2414157.75,567367.65,2981525.41,14570666.13,17552191.54,16,mtm_only,1
2023-04-03,16854.38,0.0,16854.38,17663597.13,17680451.51,20,rebalance,0
2023-04-04,16854.38,1538588.73,1555443.12,16386363.1,17941806.22,18,mtm_only,2
2023-04-06,1555443.12,0.0,1555443.12,16705190.99,18260634.11,18,mtm_only,0
2023-04-07,1555443.12,0.0,1555443.12,16704841.0,18260284.12,18,mtm_only,0
2023-04-10,3994.36,2432699.21,2436693.57,15753555.0,18190248.57,18,rebalance,2
2023-04-11,2436693.57,0.0,2436693.57,15874769.06,18311462.62,18,mtm_only,0
2023-04-12,2436693.57,0.0,2436693.57,15893119.08,18329812.65,18,mtm_only,0
2023-04-13,2436693.57,2448869.06,4885562.62,13108980.08,17994542.71,15,mtm_only,3
2023-04-14,4885562.62,802540.59,5688103.22,12364162.95,18052266.17,14,mtm_only,1
2023-04-17,7414.12,946184.62,953598.74,17367099.13,18320697.87,19,rebalance,1
2023-04-18,953598.74,860528.12,1814126.86,16650854.01,18464980.88,18,mtm_only,1
2023-04-19,1814126.86,715289.14,2529416.0,16045644.99,18575060.99,17,mtm_only,1
2023-04-20,2529416.0,0.0,2529416.0,15887549.79,18416965.79,17,mtm_only,0
2023-04-21,2529416.0,2471693.36,5001109.36,13242177.91,18243287.27,14,mtm_only,3
2023-04-24,11113.28,857927.51,869040.79,17410252.81,18279293.6,19,rebalance,1
2023-04-25,869040.79,2406719.91,3275760.7,14434592.93,17710353.63,16,mtm_only,3
2023-04-26,3275760.7,770299.56,4046060.26,13831053.96,17877114.22,15,mtm_only,1
2023-04-27,4046060.26,791246.26,4837306.51,12936483.96,17773790.48,14,mtm_only,1
2023-04-28,4837306.51,0.0,4837306.51,13024281.89,17861588.4,14,mtm_only,0
2023-05-04,20227.12,875061.17,895288.3,16889905.92,17785194.22,19,rebalance,1
2023-05-05,895288.3,0.0,895288.3,16887451.97,17782740.27,19,mtm_only,0
2023-05-08,2566.97,0.0,2566.97,17730464.99,17733031.96,20,rebalance,0
2023-05-09,2566.97,5348964.88,5351531.85,12089260.06,17440791.91,15,mtm_only,5
2023-05-10,5351531.85,1637485.03,6989016.88,10592740.01,17581756.89,13,mtm_only,2
2023-05-11,6989016.88,0.0,6989016.88,10663699.07,17652715.95,13,mtm_only,0
2023-05-12,6989016.88,0.0,6989016.88,10534653.03,17523669.91,13,mtm_only,0
2023-05-15,5453.81,0.0,5453.81,17662494.05,17667947.86,20,rebalance,0
2023-05-16,5453.81,0.0,5453.81,17692057.9,17697511.71,20,mtm_only,0
2023-05-17,5453.81,0.0,5453.81,17874699.0,17880152.81,20,mtm_only,0
2023-05-18,5453.81,0.0,5453.81,18081823.96,18087277.77,20,mtm_only,0
2023-05-19,5453.81,991202.04,996655.85,17083408.04,18080063.89,19,mtm_only,1
2023-05-22,1667.76,0.0,1667.76,18261950.95,18263618.71,20,rebalance,0
2023-05-23,1667.76,0.0,1667.76,18044382.15,18046049.91,20,mtm_only,0
2023-05-24,1667.76,0.0,1667.76,18084434.06,18086101.82,20,mtm_only,0
2023-05-25,1667.76,1057024.4,1058692.16,17143761.89,18202454.05,19,mtm_only,1
2023-05-26,1058692.16,0.0,1058692.16,17240603.08,18299295.24,19,mtm_only,0
2023-05-29,89.45,0.0,89.45,18452554.96,18452644.41,20,rebalance,0
2023-05-30,89.45,0.0,89.45,18508206.94,18508296.39,20,mtm_only,0
2023-05-31,89.45,0.0,89.45,18425038.08,18425127.53,20,mtm_only,0
2023-06-01,89.45,0.0,89.45,18477108.1,18477197.55,20,mtm_only,0
2023-06-02,89.45,996703.88,996793.33,17614647.11,18611440.44,19,mtm_only,1
2023-06-05,1160.42,0.0,1160.42,18662781.13,18663941.55,20,rebalance,0
2023-06-06,1160.42,638490.06,639650.48,17670538.12,18310188.6,19,mtm_only,1
2023-06-07,639650.48,890965.51,1530615.99,16746938.06,18277554.05,18,mtm_only,1
2023-06-08,1530615.99,0.0,1530615.99,16652841.1,18183457.08,18,mtm_only,0
2023-06-09,1530615.99,913850.71,2444466.7,16176481.13,18620947.83,17,mtm_only,1
2023-06-12,228.58,919283.64,919512.22,17901784.02,18821296.24,19,rebalance,1
2023-06-13,919512.22,0.0,919512.22,16908144.11,17827656.33,19,mtm_only,0
2023-06-14,919512.22,0.0,919512.22,18357238.66,19276750.88,19,mtm_only,0
2023-06-15,919512.22,0.0,919512.22,18390934.08,19310446.3,19,mtm_only,0
2023-06-16,919512.22,0.0,919512.22,17955018.13,18874530.35,19,mtm_only,0
2023-06-19,6590.68,0.0,6590.68,19170476.88,19177067.55,20,rebalance,0
2023-06-20,6590.68,805580.64,812171.32,18314186.07,19126357.39,19,mtm_only,1
2023-06-21,812171.32,0.0,812171.32,18028749.14,18840920.46,19,mtm_only,0
2023-06-26,2519.9,1584459.96,1586979.86,17792116.92,19379096.78,18,rebalance,2
2023-06-27,1586979.86,3071031.34,4658011.2,14678254.0,19336265.21,16,mtm_only,2
2023-06-28,4658011.2,0.0,4658011.2,14671786.9,19329798.1,16,mtm_only,0
2023-06-29,4658011.2,0.0,4658011.2,14830495.02,19488506.22,16,mtm_only,0
2023-06-30,4658011.2,0.0,4658011.2,14993481.9,19651493.1,16,mtm_only,0
2023-07-03,8572.34,0.0,8572.34,19719483.91,19728056.25,20,rebalance,0
2023-07-04,8572.34,0.0,8572.34,19809305.78,19817878.12,20,mtm_only,0
2023-07-05,8572.34,0.0,8572.34,19754747.96,19763320.31,20,mtm_only,0
2023-07-06,8572.34,0.0,8572.34,19769099.92,19777672.26,20,mtm_only,0
2023-07-07,8572.34,0.0,8572.34,19615498.88,19624071.22,20,mtm_only,0
2023-07-10,8572.34,0.0,8572.34,19610610.07,19619182.41,20,rebalance,0
2023-07-11,8572.34,0.0,8572.34,19808962.03,19817534.37,20,mtm_only,0
2023-07-12,8572.34,1070174.31,1078746.66,18756508.04,19835254.7,19,mtm_only,1
2023-07-13,1078746.66,0.0,1078746.66,18828778.05,19907524.7,19,mtm_only,0
2023-07-14,1078746.66,832057.14,1910803.8,17946960.76,19857764.56,18,mtm_only,1
2023-07-17,3366.81,0.0,3366.81,19703271.87,19706638.68,20,rebalance,0
2023-07-18,3366.81,0.0,3366.81,19719871.16,19723237.98,20,mtm_only,0
2023-07-19,3366.81,0.0,3366.81,19554220.06,19557586.87,20,mtm_only,0
2023-07-20,3366.81,862613.4,865980.21,18380342.17,19246322.38,19,mtm_only,1
2023-07-21,865980.21,2058329.26,2924309.48,16172486.08,19096795.56,17,mtm_only,2
2023-07-24,2148.75,0.0,2148.75,19187918.98,19190067.74,20,rebalance,0
2023-07-25,2148.75,0.0,2148.75,19456812.82,19458961.57,20,mtm_only,0
2023-07-26,2148.75,741081.58,743230.34,18626920.17,19370150.5,19,mtm_only,1
2023-07-27,743230.34,0.0,743230.34,18483130.17,19226360.51,19,mtm_only,0
2023-07-28,743230.34,2305661.48,3048891.82,16244351.03,19293242.85,17,mtm_only,2
2023-07-31,2587.86,0.0,2587.86,19434332.09,19436919.95,20,rebalance,0
2023-08-01,2587.86,0.0,2587.86,19450779.14,19453367.0,20,mtm_only,0
2023-08-02,2587.86,0.0,2587.86,19401816.98,19404404.84,20,mtm_only,0
2023-08-03,2587.86,920931.48,923519.34,18496474.91,19419994.24,19,mtm_only,1
2023-08-04,923519.34,923572.08,1847091.42,17505579.08,19352670.5,18,mtm_only,1
2023-08-07,661.65,1016585.0,1017246.65,18236043.9,19253290.54,19,rebalance,1
2023-08-08,1017246.65,0.0,1017246.65,18143489.92,19160736.57,19,mtm_only,0
2023-08-09,1017246.65,1010500.95,2027747.6,16981268.06,19009015.65,18,mtm_only,1
2023-08-10,2027747.6,0.0,2027747.6,17071718.98,19099466.58,18,mtm_only,0
2023-08-11,2027747.6,0.0,2027747.6,16722502.92,18750250.51,18,mtm_only,0
2023-08-14,8970.01,0.0,8970.01,18708404.01,18717374.01,20,rebalance,0
2023-08-15,8970.01,940562.93,949532.94,17661276.12,18610809.05,19,mtm_only,1
2023-08-16,949532.94,2726530.71,3676063.65,14737472.92,18413536.58,16,mtm_only,3
2023-08-17,3676063.65,942749.12,4618812.77,13993030.11,18611842.88,15,mtm_only,1
2023-08-18,4618812.77,838958.21,5457770.98,12950136.12,18407907.1,14,mtm_only,1
2023-08-21,5658.89,1975505.09,1981163.99,16378358.93,18359522.91,18,rebalance,2
2023-08-22,1981163.99,0.0,1981163.99,16499205.01,18480368.99,18,mtm_only,0
2023-08-23,1981163.99,0.0,1981163.99,16284621.05,18265785.04,18,mtm_only,0
2023-08-24,1981163.99,0.0,1981163.99,16401612.91,18382776.9,18,mtm_only,0
2023-08-25,1981163.99,901794.4,2882958.38,15171744.09,18054702.48,17,mtm_only,1
2023-08-28,1177.08,889787.02,890964.1,17154315.9,18045280.01,19,rebalance,1
2023-08-29,890964.1,0.0,890964.1,17594532.11,18485496.21,19,mtm_only,0
2023-08-30,890964.1,0.0,890964.1,17734254.91,18625219.01,19,mtm_only,0
2023-08-31,890964.1,976431.24,1867395.34,16640006.09,18507401.43,18,mtm_only,1
2023-09-01,1867395.34,0.0,1867395.34,16577917.87,18445313.21,18,mtm_only,0
2023-09-04,5006.83,0.0,5006.83,18720774.88,18725781.71,20,rebalance,0
2023-09-05,5006.83,0.0,5006.83,18696679.01,18701685.84,20,mtm_only,0
2023-09-06,5006.83,904167.3,909174.13,17856473.09,18765647.22,19,mtm_only,1
2023-09-07,909174.13,0.0,909174.13,17487093.24,18396267.37,19,mtm_only,0
2023-09-08,909174.13,0.0,909174.13,17519281.81,18428455.94,19,mtm_only,0
2023-09-11,542.22,0.0,542.22,18758542.0,18759084.22,20,rebalance,0
2023-09-12,542.22,0.0,542.22,18756160.91,18756703.13,20,mtm_only,0
2023-09-13,542.22,0.0,542.22,18486796.96,18487339.18,20,mtm_only,0
2023-09-14,542.22,0.0,542.22,18360025.98,18360568.2,20,mtm_only,0
2023-09-15,542.22,0.0,542.22,18356738.1,18357280.32,20,mtm_only,0
2023-09-18,542.22,0.0,542.22,18295803.94,18296346.16,20,rebalance,0
2023-09-19,542.22,1749683.01,1750225.23,16437493.01,18187718.23,18,mtm_only,2
2023-09-20,1750225.23,888194.1,2638419.33,15371107.07,18009526.39,17,mtm_only,1
2023-09-21,2638419.33,926334.45,3564753.78,14349748.89,17914502.67,16,mtm_only,1
2023-09-22,3564753.78,0.0,3564753.78,14738879.95,18303633.73,16,mtm_only,0
2023-09-25,7614.36,0.0,7614.36,18282827.97,18290442.33,20,rebalance,0
2023-09-26,7614.36,813509.28,821123.64,17364773.97,18185897.62,19,mtm_only,1
2023-09-27,821123.64,0.0,821123.64,17598311.9,18419435.54,19,mtm_only,0
2023-09-28,821123.64,0.0,821123.64,18032864.01,18853987.66,19,mtm_only,0
2023-10-09,40.37,0.0,40.37,18815468.95,18815509.32,20,rebalance,0
2023-10-10,40.37,0.0,40.37,18760494.09,18760534.45,20,mtm_only,0
2023-10-11,40.37,0.0,40.37,18816881.13,18816921.5,20,mtm_only,0
2023-10-12,40.37,1369692.49,1369732.86,17577569.01,18947301.88,19,mtm_only,1
2023-10-13,1369732.86,1102963.58,2472696.45,16327186.12,18799882.56,18,mtm_only,1
2023-10-16,4615.36,1811391.7,1816007.06,16690091.18,18506098.23,18,rebalance,2
2023-10-17,1816007.06,0.0,1816007.06,16693286.88,18509293.94,18,mtm_only,0
2023-10-18,1816007.06,1676791.86,3492798.92,14764082.1,18256881.02,16,mtm_only,2
2023-10-19,3492798.92,0.0,3492798.92,14568752.02,18061550.94,16,mtm_only,0
2023-10-20,3492798.92,0.0,3492798.92,14440449.95,17933248.87,16,mtm_only,0
2023-10-23,8519.19,3019183.86,3027703.05,14514598.19,17542301.24,17,rebalance,3
2023-10-24,3027703.05,824427.09,3852130.13,14010180.91,17862311.05,16,mtm_only,1
2023-10-25,3852130.13,0.0,3852130.13,14026533.02,17878663.16,16,mtm_only,0
2023-10-26,3852130.13,0.0,3852130.13,14135043.94,17987174.08,16,mtm_only,0
2023-10-27,3852130.13,0.0,3852130.13,14527183.99,18379314.12,16,mtm_only,0
2023-10-30,3266.92,0.0,3266.92,18821344.88,18824611.81,20,rebalance,0
2023-10-31,3266.92,0.0,3266.92,18695191.85,18698458.78,20,mtm_only,0
2023-11-01,3266.92,0.0,3266.92,18776399.13,18779666.05,20,mtm_only,0
2023-11-02,3266.92,0.0,3266.92,18697447.93,18700714.86,20,mtm_only,0
2023-11-03,3266.92,0.0,3266.92,18888864.09,18892131.01,20,mtm_only,0
2023-11-06,3266.92,0.0,3266.92,19341745.17,19345012.09,20,rebalance,0
2023-11-07,3266.92,0.0,3266.92,19522997.09,19526264.02,20,mtm_only,0
2023-11-08,3266.92,0.0,3266.92,19480764.01,19484030.94,20,mtm_only,0
2023-11-09,3266.92,0.0,3266.92,19336012.95,19339279.88,20,mtm_only,0
2023-11-10,3266.92,0.0,3266.92,19335922.99,19339189.91,20,mtm_only,0
2023-11-13,3266.92,0.0,3266.92,19421254.09,19424521.01,20,rebalance,0
2023-11-14,3266.92,0.0,3266.92,19494007.95,19497274.87,20,mtm_only,0
2023-11-15,3266.92,0.0,3266.92,19426352.95,19429619.87,20,mtm_only,0
2023-11-16,3266.92,892630.36,895897.28,18322046.04,19217943.32,19,mtm_only,1
2023-11-17,895897.28,0.0,895897.28,18386508.06,19282405.34,19,mtm_only,0
2023-11-20,1480.81,0.0,1480.81,19331838.8,19333319.61,20,rebalance,0
2023-11-21,1480.81,885008.25,886489.06,18322309.99,19208799.05,19,mtm_only,1
2023-11-22,886489.06,0.0,886489.06,18065003.16,18951492.22,19,mtm_only,0
2023-11-23,886489.06,0.0,886489.06,18219989.01,19106478.07,19,mtm_only,0
2023-11-24,886489.06,1033702.74,1920191.8,16972602.01,18892793.81,18,mtm_only,1
2023-11-27,987.5,0.0,987.5,19088297.97,19089285.47,20,rebalance,0
2023-11-28,987.5,0.0,987.5,19207174.11,19208161.61,20,mtm_only,0
2023-11-29,987.5,0.0,987.5,19050681.13,19051668.64,20,mtm_only,0
2023-11-30,987.5,0.0,987.5,18962247.12,18963234.63,20,mtm_only,0
2023-12-01,987.5,0.0,987.5,19147524.13,19148511.63,20,mtm_only,0
2023-12-04,987.5,1134797.22,1135784.72,17917571.88,19053356.6,19,rebalance,1
2023-12-05,1135784.72,967231.22,2103015.95,16597412.03,18700427.98,18,mtm_only,1
2023-12-06,2103015.95,2958992.23,5062008.18,13769362.07,18831370.25,15,mtm_only,3
2023-12-07,5062008.18,1642801.06,6704809.24,12185183.1,18889992.34,13,mtm_only,2
2023-12-08,6704809.24,0.0,6704809.24,12438395.92,19143205.16,13,mtm_only,0
2023-12-11,2788.97,0.0,2788.97,19287776.91,19290565.88,20,rebalance,0
2023-12-12,2788.97,0.0,2788.97,19269115.72,19271904.69,20,mtm_only,0
2023-12-13,2788.97,0.0,2788.97,19261243.83,19264032.8,20,mtm_only,0
2023-12-14,2788.97,0.0,2788.97,19122103.0,19124891.97,20,mtm_only,0
2023-12-15,2788.97,0.0,2788.97,18921953.3,18924742.27,20,mtm_only,0
2023-12-18,2788.97,2161552.01,2164340.98,16523165.99,18687506.97,18,rebalance,2
2023-12-19,2164340.98,0.0,2164340.98,16587177.2,18751518.18,18,mtm_only,0
2023-12-20,2164340.98,2941631.73,5105972.71,13383192.17,18489164.89,15,mtm_only,3
2023-12-21,5105972.71,916317.54,6022290.26,12507331.09,18529621.34,14,mtm_only,1
2023-12-22,6022290.26,1928508.24,7950798.49,10354961.9,18305760.39,12,mtm_only,2
2023-12-25,9176.43,952424.49,961600.92,17276031.08,18237632.0,19,rebalance,1
2023-12-26,961600.92,946227.55,1907828.46,16213742.0,18121570.46,18,mtm_only,1
2023-12-27,1907828.46,0.0,1907828.46,16259963.03,18167791.49,18,mtm_only,0
2023-12-28,1907828.46,0.0,1907828.46,16542000.02,18449828.48,18,mtm_only,0
2023-12-29,1907828.46,0.0,1907828.46,16697918.1,18605746.57,18,mtm_only,0
2024-01-02,2436.09,0.0,2436.09,18590631.19,18593067.27,20,rebalance,0
2024-01-03,2436.09,0.0,2436.09,18519567.92,18522004.01,20,mtm_only,0
2024-01-04,2436.09,0.0,2436.09,18349160.81,18351596.9,20,mtm_only,0
2024-01-05,2436.09,0.0,2436.09,18206509.33,18208945.42,20,mtm_only,0
2024-01-08,2436.09,4096831.37,4099267.46,13651209.86,17750477.32,15,rebalance,5
2024-01-09,4099267.46,0.0,4099267.46,13675439.02,17774706.48,15,mtm_only,0
2024-01-10,4099267.46,913668.98,5012936.44,12683738.0,17696674.44,14,mtm_only,1
2024-01-11,5012936.44,0.0,5012936.44,12822645.04,17835581.48,14,mtm_only,0
2024-01-12,5012936.44,0.0,5012936.44,12770729.0,17783665.44,14,mtm_only,0
2024-01-15,5077.09,918398.78,923475.87,16771648.18,17695124.05,19,rebalance,1
2024-01-16,923475.87,0.0,923475.87,16728463.93,17651939.8,19,mtm_only,0
2024-01-17,923475.87,750453.39,1673929.26,15571035.01,17244964.27,18,mtm_only,1
2024-01-18,1673929.26,5052520.71,6726449.97,10393108.08,17119558.05,12,mtm_only,6
2024-01-19,6726449.97,0.0,6726449.97,10315057.02,17041506.98,12,mtm_only,0
2024-01-22,5368.89,5711840.7,5717209.6,10443962.01,16161171.61,13,rebalance,7
2024-01-23,5717209.6,0.0,5717209.6,10658576.79,16375786.39,13,mtm_only,0
2024-01-24,5717209.6,0.0,5717209.6,10787948.04,16505157.63,13,mtm_only,0
2024-01-25,5717209.6,0.0,5717209.6,11180917.26,16898126.85,13,mtm_only,0
2024-01-26,5717209.6,0.0,5717209.6,11036926.0,16754135.59,13,mtm_only,0
2024-01-29,5016.62,1525459.78,1530476.4,14980162.96,16510639.36,18,rebalance,2
2024-01-30,1530476.4,1531280.21,3061756.61,13027267.05,16089023.65,16,mtm_only,2
2024-01-31,3061756.61,3024986.27,6086742.87,9739231.96,15825974.83,12,mtm_only,4
2024-02-01,6086742.87,0.0,6086742.87,9686115.94,15772858.81,12,mtm_only,0
2024-02-02,6086742.87,1658962.03,7745704.9,7860949.99,15606654.89,10,mtm_only,2
2024-02-05,6657.93,5097874.69,5104532.62,10013620.11,15118152.73,13,rebalance,7
2024-02-06,5104532.62,0.0,5104532.62,10769846.01,15874378.64,13,mtm_only,0
2024-02-07,5104532.62,0.0,5104532.62,11262715.1,16367247.72,13,mtm_only,0
2024-02-08,5104532.62,0.0,5104532.62,11429345.99,16533878.62,13,mtm_only,0
2024-02-19,5244.61,0.0,5244.61,16653908.93,16659153.54,20,rebalance,0
2024-02-20,5244.61,0.0,5244.61,16650530.92,16655775.53,20,mtm_only,0
2024-02-21,5244.61,0.0,5244.61,16599029.98,16604274.59,20,mtm_only,0
2024-02-22,5244.61,0.0,5244.61,16828487.11,16833731.72,20,mtm_only,0
2024-02-23,5244.61,0.0,5244.61,16912574.08,16917818.69,20,mtm_only,0
2024-02-26,5244.61,0.0,5244.61,17007234.1,17012478.71,20,rebalance,0
2024-02-27,5244.61,0.0,5244.61,17441535.04,17446779.65,20,mtm_only,0
2024-02-28,5244.61,0.0,5244.61,16923910.89,16929155.5,20,mtm_only,0
2024-02-29,5244.61,0.0,5244.61,17455769.05,17461013.66,20,mtm_only,0
2024-03-01,5244.61,884571.86,889816.47,16987215.05,17877031.52,19,mtm_only,1
2024-03-04,775.96,0.0,775.96,18158959.86,18159735.82,20,rebalance,0
2024-03-05,775.96,0.0,775.96,17982248.17,17983024.13,20,mtm_only,0
2024-03-06,775.96,0.0,775.96,17898612.14,17899388.1,20,mtm_only,0
2024-03-07,775.96,860740.86,861516.82,16794399.14,17655915.95,19,mtm_only,1
2024-03-08,861516.82,0.0,861516.82,17034804.05,17896320.86,19,mtm_only,0
2024-03-11,122.24,0.0,122.24,18141025.03,18141147.26,20,rebalance,0
2024-03-12,122.24,0.0,122.24,18134721.99,18134844.23,20,mtm_only,0
2024-03-13,122.24,0.0,122.24,18061150.89,18061273.12,20,mtm_only,0
2024-03-14,122.24,0.0,122.24,17916223.95,17916346.19,20,mtm_only,0
2024-03-15,122.24,0.0,122.24,18107510.91,18107633.15,20,mtm_only,0
2024-03-18,122.24,0.0,122.24,18494001.33,18494123.57,20,rebalance,0
2024-03-19,122.24,0.0,122.24,18365267.95,18365390.19,20,mtm_only,0
2024-03-20,122.24,0.0,122.24,18434185.94,18434308.18,20,mtm_only,0
2024-03-21,122.24,0.0,122.24,18328268.98,18328391.22,20,mtm_only,0
2024-03-22,122.24,1160536.68,1160658.92,17004636.11,18165295.04,19,mtm_only,1
2024-03-25,434.26,0.0,434.26,17836047.93,17836482.18,20,rebalance,0
2024-03-26,434.26,783803.98,784238.24,16952445.95,17736684.19,19,mtm_only,1
2024-03-27,784238.24,4406837.04,5191075.28,12148657.99,17339733.27,14,mtm_only,5
2024-03-28,5191075.28,0.0,5191075.28,12358421.18,17549496.46,14,mtm_only,0
2024-03-29,5191075.28,0.0,5191075.28,12400254.04,17591329.32,14,mtm_only,0
2024-04-01,9108.93,787869.64,796978.58,16949811.83,17746790.41,19,rebalance,1
2024-04-02,796978.58,0.0,796978.58,16843866.13,17640844.71,19,mtm_only,0
2024-04-03,796978.58,2799332.93,3596311.51,13938825.96,17535137.47,16,mtm_only,3
2024-04-08,1136.82,0.0,1136.82,17357652.0,17358788.82,20,rebalance,0
2024-04-09,1136.82,0.0,1136.82,17358610.16,17359746.98,20,mtm_only,0
2024-04-10,1136.82,814370.17,815506.99,16366944.93,17182451.92,19,mtm_only,1
2024-04-11,815506.99,802475.65,1617982.64,15656220.05,17274202.69,18,mtm_only,1
2024-04-12,1617982.64,0.0,1617982.64,15698069.08,17316051.72,18,mtm_only,0
2024-04-15,1236.08,1065261.7,1066497.78,16484353.89,17550851.67,19,rebalance,1
2024-04-16,1066497.78,0.0,1066497.78,16297163.98,17363661.76,19,mtm_only,0
2024-04-17,1066497.78,0.0,1066497.78,16696403.9,17762901.68,19,mtm_only,0
2024-04-18,1066497.78,0.0,1066497.78,16817454.11,17883951.89,19,mtm_only,0
2024-04-19,1066497.78,0.0,1066497.78,16822461.05,17888958.83,19,mtm_only,0
2024-04-22,325.24,0.0,325.24,17912897.89,17913223.14,20,rebalance,0
2024-04-23,325.24,736801.15,737126.39,16944034.09,17681160.49,19,mtm_only,1
2024-04-24,737126.39,0.0,737126.39,17093663.85,17830790.24,19,mtm_only,0
2024-04-25,737126.39,829170.92,1566297.31,16237892.05,17804189.37,18,mtm_only,1
2024-04-26,1566297.31,0.0,1566297.31,16433454.22,17999751.54,18,mtm_only,0
2024-04-29,8380.21,0.0,8380.21,18376294.05,18384674.25,20,rebalance,0
2024-04-30,8380.21,0.0,8380.21,18499559.15,18507939.35,20,mtm_only,0
2024-05-06,8380.21,0.0,8380.21,18762801.11,18771181.32,20,rebalance,0
2024-05-07,8380.21,0.0,8380.21,18829458.93,18837839.14,20,mtm_only,0
2024-05-08,8380.21,0.0,8380.21,18560427.98,18568808.18,20,mtm_only,0
2024-05-09,8380.21,0.0,8380.21,18797862.02,18806242.22,20,mtm_only,0
2024-05-10,8380.21,1165882.73,1174262.94,17584909.93,18759172.87,19,mtm_only,1
2024-05-13,889.23,0.0,889.23,18762379.11,18763268.34,20,rebalance,0
2024-05-14,889.23,0.0,889.23,18868563.94,18869453.16,20,mtm_only,0
2024-05-15,889.23,0.0,889.23,18753880.97,18754770.2,20,mtm_only,0
2024-05-16,889.23,0.0,889.23,18642975.14,18643864.37,20,mtm_only,0
2024-05-17,889.23,794143.49,795032.72,17958579.7,18753612.42,19,mtm_only,1
2024-05-20,60.35,864051.52,864111.88,17882494.1,18746605.98,19,rebalance,1
2024-05-21,864111.88,0.0,864111.88,17726947.12,18591059.0,19,mtm_only,0
2024-05-22,864111.88,0.0,864111.88,17727174.15,18591286.02,19,mtm_only,0
2024-05-23,864111.88,0.0,864111.88,17468821.88,18332933.76,19,mtm_only,0
2024-05-24,864111.88,0.0,864111.88,17384743.18,18248855.06,19,mtm_only,0
2024-05-27,2112.48,0.0,2112.48,18419327.03,18421439.52,20,rebalance,0
2024-05-28,2112.48,3238605.29,3240717.77,14777661.0,18018378.77,16,mtm_only,4
2024-05-29,3240717.77,0.0,3240717.77,14792465.15,18033182.92,16,mtm_only,0
2024-05-30,3240717.77,0.0,3240717.77,14824369.84,18065087.61,16,mtm_only,0
2024-05-31,3240717.77,1036123.59,4276841.36,13881957.03,18158798.39,15,mtm_only,1
2024-06-03,15091.02,0.0,15091.02,18267454.03,18282545.06,20,rebalance,0
2024-06-04,15091.02,0.0,15091.02,18216475.75,18231566.77,20,mtm_only,0
2024-06-05,15091.02,0.0,15091.02,18070039.11,18085130.14,20,mtm_only,0
2024-06-06,15091.02,2322490.5,2337581.53,15553645.97,17891227.49,17,mtm_only,3
2024-06-07,2337581.53,675141.41,3012722.94,14908691.93,17921414.86,16,mtm_only,1
2024-06-11,1790.88,0.0,1790.88,18065436.0,18067226.88,20,rebalance,0
2024-06-12,1790.88,0.0,1790.88,18252166.24,18253957.12,20,mtm_only,0
2024-06-13,1790.88,0.0,1790.88,18243612.06,18245402.94,20,mtm_only,0
2024-06-14,1790.88,0.0,1790.88,18114062.88,18115853.76,20,mtm_only,0
2024-06-17,1790.88,775414.9,777205.78,17463009.05,18240214.83,19,rebalance,1
2024-06-18,777205.78,0.0,777205.78,17628185.95,18405391.73,19,mtm_only,0
2024-06-19,777205.78,1682298.61,2459504.39,15680368.86,18139873.25,17,mtm_only,2
2024-06-20,2459504.39,0.0,2459504.39,15558896.17,18018400.57,17,mtm_only,0
2024-06-21,2459504.39,0.0,2459504.39,15750493.8,18209998.19,17,mtm_only,0
2024-06-24,6018.3,691497.08,697515.38,17092372.95,17789888.34,19,rebalance,1
2024-06-25,697515.38,4352159.22,5049674.6,12433377.05,17483051.65,14,mtm_only,5
2024-06-26,5049674.6,0.0,5049674.6,12566422.96,17616097.56,14,mtm_only,0
2024-06-27,5049674.6,699218.04,5748892.64,11655021.07,17403913.71,13,mtm_only,1
2024-06-28,5748892.64,2024151.77,7773044.41,9780939.94,17553984.35,11,mtm_only,2
2024-07-01,13305.53,748224.27,761529.8,17091657.08,17853186.88,19,rebalance,1
2024-07-02,761529.8,0.0,761529.8,16879470.06,17640999.86,19,mtm_only,0
2024-07-03,761529.8,1693324.33,2454854.13,15060855.05,17515709.18,17,mtm_only,2
2024-07-04,2454854.13,2253165.8,4708019.92,12624421.99,17332441.91,14,mtm_only,3
2024-07-05,4708019.92,0.0,4708019.92,12696677.08,17404697.0,14,mtm_only,0
2024-07-08,7969.4,1475102.33,1483071.73,15728754.01,17211825.74,18,rebalance,2
2024-07-09,1483071.73,793635.19,2276706.92,15168665.17,17445372.08,17,mtm_only,1
2024-07-10,2276706.92,0.0,2276706.92,15107676.98,17384383.9,17,mtm_only,0
2024-07-11,2276706.92,0.0,2276706.92,15695955.0,17972661.91,17,mtm_only,0
2024-07-12,2276706.92,0.0,2276706.92,15444493.1,17721200.02,17,mtm_only,0
2024-07-15,2612.73,0.0,2612.73,17457640.07,17460252.81,20,rebalance,0
2024-07-16,2612.73,723858.01,726470.75,16891438.86,17617909.61,19,mtm_only,1
2024-07-17,726470.75,2013651.41,2740122.15,14456173.04,17196295.19,17,mtm_only,2
2024-07-18,2740122.15,0.0,2740122.15,14494360.07,17234482.22,17,mtm_only,0
2024-07-19,2740122.15,0.0,2740122.15,14577393.97,17317516.12,17,mtm_only,0
2024-07-22,4895.1,0.0,4895.1,17331059.14,17335954.24,20,rebalance,0
2024-07-23,4895.1,4677681.49,4682576.59,12119329.95,16801906.55,15,mtm_only,5
2024-07-24,4682576.59,3647399.29,8329975.88,8303776.0,16633751.88,10,mtm_only,5
2024-07-25,8329975.88,0.0,8329975.88,8348919.09,16678894.97,10,mtm_only,0
2024-07-26,8329975.88,0.0,8329975.88,8418823.98,16748799.86,10,mtm_only,0
2024-07-29,8958.08,836631.2,845589.28,15625009.08,16470598.36,19,rebalance,1
2024-07-30,845589.28,0.0,845589.28,15591150.89,16436740.17,19,mtm_only,0
2024-07-31,845589.28,973958.49,1819547.76,15299790.05,17119337.81,18,mtm_only,1
2024-08-01,1819547.76,0.0,1819547.76,15171398.94,16990946.7,18,mtm_only,0
2024-08-02,1819547.76,0.0,1819547.76,14903115.96,16722663.72,18,mtm_only,0
2024-08-05,3260.12,1627266.29,1630526.41,14673796.98,16304323.39,18,rebalance,2
2024-08-06,1630526.41,0.0,1630526.41,14986804.11,16617330.52,18,mtm_only,0
2024-08-07,1630526.41,841280.17,2471806.58,14088400.97,16560207.54,17,mtm_only,1
2024-08-08,2471806.58,0.0,2471806.58,14006804.98,16478611.55,17,mtm_only,0
2024-08-09,2471806.58,766079.05,3237885.62,13073711.91,16311597.53,16,mtm_only,1
2024-08-12,5670.25,0.0,5670.25,16255334.01,16261004.26,20,rebalance,0
2024-08-13,5670.25,0.0,5670.25,16361505.09,16367175.34,20,mtm_only,0
2024-08-14,5670.25,2234886.57,2240556.82,13954182.08,16194738.9,17,mtm_only,3
2024-08-15,2240556.82,0.0,2240556.82,14067989.95,16308546.76,17,mtm_only,0
2024-08-16,2240556.82,1599881.91,3840438.73,12355216.1,16195654.83,15,mtm_only,2
2024-08-19,6794.38,842243.89,849038.27,15291202.09,16140240.37,19,rebalance,1
2024-08-20,849038.27,2251148.35,3100186.63,12982996.85,16083183.48,16,mtm_only,3
2024-08-21,3100186.63,0.0,3100186.63,13100206.94,16200393.57,16,mtm_only,0
2024-08-22,3100186.63,879612.29,3979798.92,11926809.93,15906608.85,15,mtm_only,1
2024-08-23,3979798.92,0.0,3979798.92,11937250.03,15917048.95,15,mtm_only,0
2024-08-26,15623.95,613401.73,629025.69,15283318.93,15912344.62,19,rebalance,1
2024-08-27,629025.69,783036.94,1412062.63,14305616.99,15717679.62,18,mtm_only,1
2024-08-28,1412062.63,0.0,1412062.63,14378634.03,15790696.66,18,mtm_only,0
2024-08-29,1412062.63,0.0,1412062.63,14608938.03,16021000.66,18,mtm_only,0
2024-08-30,1412062.63,0.0,1412062.63,14880517.97,16292580.6,18,mtm_only,0
2024-09-02,1831.25,701980.47,703811.72,15098502.19,15802313.91,19,rebalance,1
2024-09-03,703811.72,0.0,703811.72,15367168.89,16070980.61,19,mtm_only,0
2024-09-04,703811.72,751002.67,1454814.39,14514645.94,15969460.33,18,mtm_only,1
2024-09-05,1454814.39,0.0,1454814.39,14590717.96,16045532.35,18,mtm_only,0
2024-09-06,1454814.39,1455057.46,2909871.84,12722319.01,15632190.86,16,mtm_only,2
2024-09-09,5869.68,1499432.63,1505302.31,14016103.07,15521405.38,18,rebalance,2
2024-09-10,1505302.31,0.0,1505302.31,14162588.94,15667891.25,18,mtm_only,0
2024-09-11,1505302.31,0.0,1505302.31,14309908.97,15815211.29,18,mtm_only,0
2024-09-12,1505302.31,743368.57,2248670.88,13503524.07,15752194.95,17,mtm_only,1
2024-09-13,2248670.88,1401788.67,3650459.55,11821703.03,15472162.59,15,mtm_only,2
2024-09-18,7321.52,725478.86,732800.39,14697751.94,15430552.33,19,rebalance,1
2024-09-19,732800.39,0.0,732800.39,14877009.05,15609809.44,19,mtm_only,0
2024-09-20,732800.39,708332.17,1441132.56,14189633.98,15630766.53,18,mtm_only,1
2024-09-23,1134.55,664543.18,665677.73,14892805.89,15558483.62,19,rebalance,1
2024-09-24,665677.73,0.0,665677.73,15501543.25,16167220.97,19,mtm_only,0
2024-09-25,665677.73,0.0,665677.73,15486001.07,16151678.8,19,mtm_only,0
2024-09-26,665677.73,0.0,665677.73,16102907.13,16768584.86,19,mtm_only,0
2024-09-27,665677.73,0.0,665677.73,17115922.96,17781600.69,19,mtm_only,0
2024-09-30,211.56,0.0,211.56,20332304.11,20332515.66,20,rebalance,0
2024-10-08,211.56,0.0,211.56,23115827.98,23116039.53,20,rebalance,0
2024-10-09,211.56,9101084.94,9101296.49,12544144.88,21645441.37,11,mtm_only,9
2024-10-10,9101296.49,2430297.26,11531593.76,9295950.0,20827543.76,9,mtm_only,2
2024-10-11,11531593.76,5047608.1,16579201.86,3753347.94,20332549.8,4,mtm_only,5
2024-10-14,11596.87,0.0,11596.87,20620879.99,20632476.86,20,rebalance,0
2024-10-15,11596.87,1970823.21,1982420.08,18095463.15,20077883.22,18,mtm_only,2
2024-10-16,1982420.08,952256.78,2934676.85,17240450.97,20175127.82,17,mtm_only,1
2024-10-17,2934676.85,0.0,2934676.85,16976661.25,19911338.1,17,mtm_only,0
2024-10-18,2934676.85,0.0,2934676.85,17374940.94,20309617.79,17,mtm_only,0
2024-10-21,1518.78,791959.35,793478.13,19681029.05,20474507.18,19,rebalance,1
2024-10-22,793478.13,0.0,793478.13,19875744.9,20669223.03,19,mtm_only,0
2024-10-23,793478.13,0.0,793478.13,19971482.09,20764960.22,19,mtm_only,0
2024-10-24,793478.13,0.0,793478.13,19892803.12,20686281.25,19,mtm_only,0
2024-10-25,793478.13,955041.09,1748519.22,18923814.25,20672333.47,18,mtm_only,1
2024-10-28,3544.19,0.0,3544.19,20792042.03,20795586.22,20,rebalance,0
2024-10-29,3544.19,907321.21,910865.4,19388538.11,20299403.51,19,mtm_only,1
2024-10-30,910865.4,1755110.85,2665976.25,17434736.09,20100712.34,17,mtm_only,2
2024-10-31,2665976.25,936493.27,3602469.52,16451886.16,20054355.68,16,mtm_only,1
2024-11-01,3602469.52,1948734.94,5551204.46,14541290.79,20092495.25,14,mtm_only,2
2024-11-04,6120.58,0.0,6120.58,20349246.01,20355366.59,20,rebalance,0
2024-11-05,6120.58,0.0,6120.58,20794546.01,20800666.59,20,mtm_only,0
2024-11-06,6120.58,0.0,6120.58,20804696.88,20810817.46,20,mtm_only,0
2024-11-07,6120.58,0.0,6120.58,21139781.97,21145902.55,20,mtm_only,0
2024-11-08,6120.58,0.0,6120.58,21029767.23,21035887.8,20,mtm_only,0
2024-11-11,6120.58,0.0,6120.58,21416642.15,21422762.73,20,rebalance,0
2024-11-12,6120.58,0.0,6120.58,21168583.94,21174704.52,20,mtm_only,0
2024-11-13,6120.58,0.0,6120.58,21148905.15,21155025.73,20,mtm_only,0
2024-11-14,6120.58,0.0,6120.58,20619873.05,20625993.63,20,mtm_only,0
2024-11-15,6120.58,4172559.78,4178680.36,16074022.14,20252702.5,16,mtm_only,4
2024-11-18,10.9,4913184.14,4913195.04,15174267.97,20087463.01,15,rebalance,5
2024-11-19,4913195.04,0.0,4913195.04,15303498.06,20216693.1,15,mtm_only,0
2024-11-20,4913195.04,0.0,4913195.04,15401996.98,20315192.02,15,mtm_only,0
2024-11-21,4913195.04,0.0,4913195.04,15382797.93,20295992.97,15,mtm_only,0
2024-11-22,4913195.04,961748.44,5874943.47,13848527.18,19723470.65,14,mtm_only,1
2024-11-25,12079.95,0.0,12079.95,19700898.85,19712978.8,20,rebalance,0
2024-11-26,12079.95,0.0,12079.95,19620712.01,19632791.95,20,mtm_only,0
2024-11-27,12079.95,0.0,12079.95,19882859.86,19894939.81,20,mtm_only,0
2024-11-28,12079.95,961119.2,973199.15,18702998.95,19676198.1,19,mtm_only,1
2024-11-29,973199.15,0.0,973199.15,18893824.91,19867024.06,19,mtm_only,0
2024-12-02,130.52,0.0,130.52,19966316.95,19966447.47,20,rebalance,0
2024-12-03,130.52,0.0,130.52,20053778.93,20053909.45,20,mtm_only,0
2024-12-04,130.52,0.0,130.52,20009314.8,20009445.32,20,mtm_only,0
2024-12-05,130.52,0.0,130.52,19919096.87,19919227.39,20,mtm_only,0
2024-12-06,130.52,0.0,130.52,20147760.13,20147890.65,20,mtm_only,0
2024-12-09,130.52,0.0,130.52,20152018.08,20152148.6,20,rebalance,0
2024-12-10,130.52,0.0,130.52,20113983.97,20114114.49,20,mtm_only,0
2024-12-11,130.52,0.0,130.52,20641228.22,20641358.74,20,mtm_only,0
2024-12-12,130.52,0.0,130.52,20712239.98,20712370.5,20,mtm_only,0
2024-12-13,130.52,0.0,130.52,20513573.09,20513703.6,20,mtm_only,0
2024-12-16,130.52,0.0,130.52,20537715.85,20537846.37,20,rebalance,0
2024-12-17,130.52,1123927.34,1124057.86,19317598.96,20441656.82,19,mtm_only,1
2024-12-18,1124057.86,0.0,1124057.86,19508707.03,20632764.88,19,mtm_only,0
2024-12-19,1124057.86,956921.65,2080979.51,18560588.1,20641567.61,18,mtm_only,1
2024-12-20,2080979.51,1014857.3,3095836.8,17506120.02,20601956.82,17,mtm_only,1
2024-12-23,2638.95,0.0,2638.95,20529812.98,20532451.93,20,rebalance,0
2024-12-24,2638.95,0.0,2638.95,21005652.83,21008291.78,20,mtm_only,0
2024-12-25,2638.95,935802.14,938441.09,19879086.9,20817527.98,19,mtm_only,1
2024-12-26,938441.09,0.0,938441.09,19919315.99,20857757.08,19,mtm_only,0
2024-12-27,938441.09,0.0,938441.09,19917924.0,20856365.09,19,mtm_only,0
2024-12-30,262.74,0.0,262.74,20864883.18,20865145.91,20,rebalance,0
2024-12-31,262.74,2003572.53,2003835.26,18544704.05,20548539.32,18,mtm_only,2
2025-01-02,2003835.26,2153121.0,4156956.26,15906361.02,20063317.28,16,mtm_only,2
2025-01-03,4156956.26,1807704.49,5964660.75,13984023.09,19948683.83,14,mtm_only,2
2025-01-06,2273.95,0.0,2273.95,20008584.11,20010858.07,20,rebalance,0
2025-01-07,2273.95,908645.48,910919.44,18960995.21,19871914.64,19,mtm_only,1
2025-01-08,910919.44,0.0,910919.44,18913950.91,19824870.34,19,mtm_only,0
2025-01-09,910919.44,1905496.29,2816415.72,16731216.98,19547632.7,17,mtm_only,2
2025-01-10,2816415.72,2714114.82,5530530.54,13742515.96,19273046.5,14,mtm_only,3
2025-01-13,7374.17,0.0,7374.17,19352330.92,19359705.09,20,rebalance,0
2025-01-14,7374.17,0.0,7374.17,19943079.06,19950453.23,20,mtm_only,0
2025-01-15,7374.17,0.0,7374.17,19797460.09,19804834.26,20,mtm_only,0
2025-01-16,7374.17,0.0,7374.17,19816678.93,19824053.1,20,mtm_only,0
2025-01-17,7374.17,0.0,7374.17,19859554.94,19866929.12,20,mtm_only,0
2025-01-20,7374.17,0.0,7374.17,19782928.12,19790302.29,20,rebalance,0
2025-01-21,7374.17,0.0,7374.17,19829626.14,19837000.31,20,mtm_only,0
2025-01-22,7374.17,1817248.06,1824622.24,17946274.94,19770897.18,18,mtm_only,2
2025-01-23,1824622.24,0.0,1824622.24,18008016.97,19832639.2,18,mtm_only,0
2025-01-24,1824622.24,0.0,1824622.24,18189163.09,20013785.33,18,mtm_only,0
2025-01-27,437.37,0.0,437.37,19998658.06,19999095.44,20,rebalance,0
2025-02-05,437.37,1037813.35,1038250.72,19240696.04,20278946.76,19,rebalance,1
2025-02-06,1038250.72,0.0,1038250.72,19644850.07,20683100.79,19,mtm_only,0
2025-02-07,1038250.72,0.0,1038250.72,19859099.0,20897349.72,19,mtm_only,0
2025-02-10,1562.49,0.0,1562.49,21317260.07,21318822.56,20,rebalance,0
2025-02-11,1562.49,0.0,1562.49,20125927.0,20127489.49,20,mtm_only,0
2025-02-12,1562.49,0.0,1562.49,20302375.96,20303938.45,20,mtm_only,0
2025-02-13,1562.49,0.0,1562.49,20234851.94,20236414.43,20,mtm_only,0
2025-02-14,1562.49,0.0,1562.49,20636826.02,20638388.51,20,mtm_only,0
2025-02-17,1562.49,0.0,1562.49,20550813.86,20552376.35,20,rebalance,0
2025-02-18,1562.49,1040845.45,1042407.94,19286269.81,20328677.75,19,mtm_only,1
2025-02-19,1042407.94,0.0,1042407.94,19522741.06,20565149.0,19,mtm_only,0
2025-02-20,1042407.94,0.0,1042407.94,19360404.14,20402812.09,19,mtm_only,0
2025-02-21,1042407.94,878936.14,1921344.08,19547320.95,21468665.03,18,mtm_only,1
2025-02-24,946.26,978256.93,979203.19,20288891.75,21268094.94,19,rebalance,1
2025-02-25,979203.19,1879042.6,2858245.79,18089782.95,20948028.73,17,mtm_only,2
2025-02-26,2858245.79,0.0,2858245.79,18248064.92,21106310.71,17,mtm_only,0
2025-02-27,2858245.79,2948529.81,5806775.59,15268803.94,21075579.53,15,mtm_only,2
2025-02-28,5806775.59,2080059.01,7886834.6,12832667.11,20719501.71,13,mtm_only,2
2025-03-03,23902.68,2885198.26,2909100.95,17815444.06,20724545.01,17,rebalance,3
2025-03-04,2909100.95,0.0,2909100.95,17935816.01,20844916.95,17,mtm_only,0
2025-03-05,2909100.95,0.0,2909100.95,17951774.03,20860874.98,17,mtm_only,0
2025-03-06,2909100.95,0.0,2909100.95,18251019.01,21160119.95,17,mtm_only,0
2025-03-07,2909100.95,0.0,2909100.95,18266698.87,21175799.82,17,mtm_only,0
2025-03-10,3999.42,0.0,3999.42,21113178.92,21117178.33,20,rebalance,0
2025-03-11,3999.42,0.0,3999.42,21187940.23,21191939.65,20,mtm_only,0
2025-03-12,3999.42,0.0,3999.42,21133920.06,21137919.48,20,mtm_only,0
2025-03-13,3999.42,2218882.38,2222881.8,18738327.04,20961208.83,18,mtm_only,2
2025-03-14,2222881.8,0.0,2222881.8,19064115.05,21286996.85,18,mtm_only,0
2025-03-17,25769.65,0.0,25769.65,21208577.9,21234347.55,20,rebalance,0
2025-03-18,25769.65,0.0,25769.65,21332657.83,21358427.49,20,mtm_only,0
2025-03-19,25769.65,0.0,25769.65,21254801.94,21280571.59,20,mtm_only,0
2025-03-20,25769.65,2242094.12,2267863.78,18856992.0,21124855.77,18,mtm_only,2
2025-03-21,2267863.78,2732659.76,5000523.54,15698572.94,20699096.48,15,mtm_only,3
2025-03-24,27613.73,878376.87,905990.61,19789432.09,20695422.69,19,rebalance,1
2025-03-25,905990.61,923897.64,1829888.24,18825712.89,20655601.13,18,mtm_only,1
2025-03-26,1829888.24,0.0,1829888.24,18789219.1,20619107.34,18,mtm_only,0
2025-03-27,1829888.24,0.0,1829888.24,18894024.89,20723913.13,18,mtm_only,0
2025-03-28,1829888.24,927197.37,2757085.61,17896910.94,20653996.55,17,mtm_only,1
2025-03-31,3088.2,0.0,3088.2,20680889.95,20683978.16,20,rebalance,0
2025-04-01,3088.2,0.0,3088.2,20836448.97,20839537.18,20,mtm_only,0
2025-04-02,3088.2,1154441.59,1157529.8,19641365.79,20798895.58,19,mtm_only,1
2025-04-03,1157529.8,1921858.92,3079388.72,17489693.11,20569081.82,17,mtm_only,2
2025-04-07,2212.65,8700688.04,8702900.68,10086764.12,18789664.8,10,rebalance,10
2025-04-08,8702900.68,1874213.92,10577114.6,8177179.87,18754294.48,8,mtm_only,2
2025-04-09,10577114.6,0.0,10577114.6,8258843.9,18835958.5,8,mtm_only,0
2025-04-10,10577114.6,0.0,10577114.6,8356960.99,18934075.59,8,mtm_only,0
2025-04-11,10577114.6,0.0,10577114.6,8362387.92,18939502.53,8,mtm_only,0
2025-04-14,16960.04,0.0,16960.04,19060019.18,19076979.22,20,rebalance,0
2025-04-15,16960.04,1137397.81,1154357.85,17982763.87,19137121.73,19,mtm_only,1
2025-04-16,1154357.85,1765636.28,2919994.13,16005879.19,18925873.33,17,mtm_only,2
2025-04-17,2919994.13,0.0,2919994.13,16073700.81,18993694.95,17,mtm_only,0
2025-04-18,2919994.13,0.0,2919994.13,15976376.03,18896370.17,17,mtm_only,0
2025-04-21,1744.52,0.0,1744.52,19601136.13,19602880.64,20,rebalance,0
2025-04-22,1744.52,0.0,1744.52,19329060.83,19330805.35,20,mtm_only,0
2025-04-23,1744.52,1236865.36,1238609.88,18343256.87,19581866.75,19,mtm_only,1
2025-04-24,1238609.88,0.0,1238609.88,18082048.03,19320657.91,19,mtm_only,0
2025-04-25,1238609.88,0.0,1238609.88,18119723.01,19358332.89,19,mtm_only,0
2025-04-28,1054.74,902273.77,903328.51,18405616.73,19308945.24,19,rebalance,1
2025-04-29,903328.51,1113028.48,2016356.99,17542294.89,19558651.88,18,mtm_only,1
2025-04-30,2016356.99,709908.13,2726265.12,17102374.8,19828639.93,17,mtm_only,1
2025-05-06,158.02,0.0,158.02,20274112.9,20274270.93,20,rebalance,0
2025-05-07,158.02,0.0,158.02,20133319.95,20133477.97,20,mtm_only,0
2025-05-08,158.02,0.0,158.02,20252380.88,20252538.9,20,mtm_only,0
2025-05-09,158.02,0.0,158.02,20006259.99,20006418.01,20,mtm_only,0
2025-05-12,158.02,0.0,158.02,20438120.82,20438278.85,20,rebalance,0
2025-05-13,158.02,0.0,158.02,20239462.88,20239620.9,20,mtm_only,0
2025-05-14,158.02,0.0,158.02,20219492.13,20219650.16,20,mtm_only,0
2025-05-15,158.02,899803.98,899962.01,18821643.18,19721605.18,19,mtm_only,1
2025-05-16,899962.01,0.0,899962.01,18960584.09,19860546.09,19,mtm_only,0
2025-05-19,900.44,0.0,900.44,19796122.07,19797022.51,20,rebalance,0
2025-05-20,900.44,0.0,900.44,19893858.13,19894758.57,20,mtm_only,0
2025-05-21,900.44,908495.69,909396.13,18854379.14,19763775.27,19,mtm_only,1
2025-05-22,909396.13,0.0,909396.13,18852352.03,19761748.16,19,mtm_only,0
2025-05-23,909396.13,1821442.56,2730838.69,16699057.98,19429896.66,17,mtm_only,2
2025-05-26,2184.24,691700.86,693885.1,18473121.91,19167007.01,19,rebalance,1
2025-05-27,693885.1,1875527.2,2569412.3,16447095.0,19016507.3,17,mtm_only,2
2025-05-28,2569412.3,0.0,2569412.3,16385377.03,18954789.33,17,mtm_only,0
2025-05-29,2569412.3,0.0,2569412.3,16611891.92,19181304.22,17,mtm_only,0
2025-05-30,2569412.3,937881.4,3507293.7,15435966.02,18943259.71,16,mtm_only,1
2025-06-03,5967.82,0.0,5967.82,19079033.02,19085000.84,20,rebalance,0
2025-06-04,5967.82,0.0,5967.82,19327268.0,19333235.82,20,mtm_only,0
2025-06-05,5967.82,882501.52,888469.34,18679779.93,19568249.27,19,mtm_only,1
2025-06-06,888469.34,0.0,888469.34,18650304.05,19538773.39,19,mtm_only,0
2025-06-09,4328.18,0.0,4328.18,19704342.09,19708670.26,20,rebalance,0
2025-06-10,4328.18,2119019.26,2123347.43,17236912.85,19360260.29,18,mtm_only,2
2025-06-11,2123347.43,0.0,2123347.43,17318057.02,19441404.45,18,mtm_only,0
2025-06-12,2123347.43,0.0,2123347.43,17408797.01,19532144.44,18,mtm_only,0
2025-06-13,2123347.43,0.0,2123347.43,17227027.91,19350375.35,18,mtm_only,0
2025-06-16,350.4,0.0,350.4,19604547.88,19604898.28,20,rebalance,0
2025-06-17,350.4,817735.81,818086.21,18743414.08,19561500.29,19,mtm_only,1
2025-06-18,818086.21,0.0,818086.21,18828636.98,19646723.18,19,mtm_only,0
2025-06-19,818086.21,838428.89,1656515.1,17849822.84,19506337.93,18,mtm_only,1
2025-06-20,1656515.1,0.0,1656515.1,17607504.15,19264019.25,18,mtm_only,0
2025-06-23,4205.37,0.0,4205.37,19480328.14,19484533.51,20,rebalance,0
2025-06-24,4205.37,0.0,4205.37,19804150.11,19808355.48,20,mtm_only,0
2025-06-25,4205.37,890185.48,894390.85,19220612.14,20115002.99,19,mtm_only,1
2025-06-26,894390.85,0.0,894390.85,19141307.1,20035697.95,19,mtm_only,0
2025-06-27,894390.85,0.0,894390.85,19205961.19,20100352.04,19,mtm_only,0
2025-06-30,3779.33,0.0,3779.33,20276032.08,20279811.4,20,rebalance,0
2025-07-01,3779.33,0.0,3779.33,20424267.9,20428047.22,20,mtm_only,0
2025-07-02,3779.33,0.0,3779.33,20103963.04,20107742.37,20,mtm_only,0
2025-07-03,3779.33,0.0,3779.33,20324247.2,20328026.53,20,mtm_only,0
2025-07-04,3779.33,0.0,3779.33,20310577.74,20314357.07,20,mtm_only,0
2025-07-07,3779.33,0.0,3779.33,20120861.89,20124641.21,20,rebalance,0
2025-07-08,3779.33,0.0,3779.33,20595698.92,20599478.25,20,mtm_only,0
2025-07-09,3779.33,0.0,3779.33,20691627.91,20695407.24,20,mtm_only,0
2025-07-10,3779.33,0.0,3779.33,20754434.15,20758213.48,20,mtm_only,0
2025-07-11,3779.33,0.0,3779.33,20635261.03,20639040.36,20,mtm_only,0
2025-07-14,3779.33,0.0,3779.33,20880303.03,20884082.35,20,rebalance,0
2025-07-15,3779.33,0.0,3779.33,21154629.98,21158409.3,20,mtm_only,0
2025-07-16,3779.33,0.0,3779.33,21229974.06,21233753.39,20,mtm_only,0
2025-07-17,3779.33,1044404.79,1048184.11,20625662.89,21673847.01,19,mtm_only,1
2025-07-18,1048184.11,0.0,1048184.11,20560803.76,21608987.87,19,mtm_only,0
2025-07-21,1000.26,0.0,1000.26,21729837.03,21730837.28,20,rebalance,0
2025-07-22,1000.26,0.0,1000.26,21815220.89,21816221.15,20,mtm_only,0
2025-07-23,1000.26,0.0,1000.26,21772709.07,21773709.32,20,mtm_only,0
2025-07-24,1000.26,0.0,1000.26,22207295.04,22208295.3,20,mtm_only,0
2025-07-25,1000.26,1049594.1,1050594.36,21381828.79,22432423.15,19,mtm_only,1
2025-07-28,3194.2,0.0,3194.2,22293706.22,22296900.43,20,rebalance,0
2025-07-29,3194.2,0.0,3194.2,22572094.96,22575289.16,20,mtm_only,0
2025-07-30,3194.2,1842691.98,1845886.18,20459489.81,22305375.99,19,mtm_only,1
2025-07-31,1845886.18,0.0,1845886.18,20512263.98,22358150.16,19,mtm_only,0
2025-08-01,1845886.18,984677.58,2830563.76,19580269.8,22410833.56,18,mtm_only,1
2025-08-04,572.64,0.0,572.64,22567579.19,22568151.83,20,rebalance,0
2025-08-05,572.64,2168194.27,2168766.91,20309334.98,22478101.9,19,mtm_only,1
2025-08-06,2168766.91,0.0,2168766.91,20584655.93,22753422.84,19,mtm_only,0
2025-08-07,2168766.91,0.0,2168766.91,20521588.01,22690354.93,19,mtm_only,0
2025-08-08,2168766.91,0.0,2168766.91,20245181.94,22413948.85,19,mtm_only,0
2025-08-11,458.14,0.0,458.14,22866711.99,22867170.13,20,rebalance,0
2025-08-12,458.14,0.0,458.14,23006515.94,23006974.08,20,mtm_only,0
2025-08-13,458.14,0.0,458.14,23206715.11,23207173.25,20,mtm_only,0
2025-08-14,458.14,0.0,458.14,23099971.06,23100429.2,20,mtm_only,0
2025-08-15,458.14,0.0,458.14,23744666.18,23745124.32,20,mtm_only,0
2025-08-18,458.14,0.0,458.14,24290036.23,24290494.38,20,rebalance,0
2025-08-19,458.14,0.0,458.14,24554015.02,24554473.16,20,mtm_only,0
2025-08-20,458.14,0.0,458.14,24807453.13,24807911.27,20,mtm_only,0
2025-08-21,458.14,0.0,458.14,24641456.88,24641915.02,20,mtm_only,0
2025-08-22,458.14,0.0,458.14,25276769.16,25277227.3,20,mtm_only,0
2025-08-25,458.14,0.0,458.14,25516282.07,25516740.21,20,rebalance,0
2025-08-26,458.14,0.0,458.14,25750291.89,25750750.03,20,mtm_only,0
2025-08-27,458.14,0.0,458.14,25570453.22,25570911.36,20,mtm_only,0
