feature_id,feature_name,feature_group,kind,source_table,dependencies,compute_fn,pit_rule,cacheable,yaml_refs,registry_refs,status,notes
fundamental_context__ar_yoy,ar_yoy,fundamental_context,derived,fina_indicator,ar,groups.fundamental_context.build_fundamental_context_features,point_in_time,False,,fundamental_context,active,
fundamental_context__continuation_candidate_score,continuation_candidate_score,fundamental_context,derived,,close;volume;roe;pe,groups.fundamental_context.build_fundamental_context_features,cross_sectional,True,value_growth_60d_v3a_full_plus_structured_pv_features;value_growth_multibagger_v2_features;value_growth_multibagger_v3a_features;value_growth_v2_margin_features;value_growth_v2_shareholder_features;value_growth_v3a_plus_industry_momentum_features;value_growth_v3b_pv_features;value_growth_v3b_pv_interact_features,fundamental_context,active,
fundamental_context__debt_to_asset,debt_to_asset,fundamental_context,derived,,debt_to_assets,groups.fundamental_context.build_fundamental_context_features,rolling_past,False,alpha_v1_clean_132,fundamental_context,active,
fundamental_context__debt_to_assets_delta_252d,debt_to_assets_delta_252d,fundamental_context,derived,,debt_to_assets,groups.fundamental_context.build_fundamental_context_features,rolling_past,False,value_growth_60d_v3a_full_plus_structured_pv_features;value_growth_multibagger_v1_features;value_growth_multibagger_v2_features;value_growth_multibagger_v3a_features;value_growth_v2_margin_features;value_growth_v2_shareholder_features;value_growth_v3a_plus_industry_momentum_features;value_growth_v3b_pv_features;value_growth_v3b_pv_interact_features,fundamental_context,active,
fundamental_context__earnings_yield_proxy,earnings_yield_proxy,fundamental_context,derived,,pe,groups.fundamental_context.build_fundamental_context_features,rolling_past,False,value_growth_60d_v3a_full_plus_structured_pv_features;value_growth_multibagger_v2_features;value_growth_multibagger_v3a_features;value_growth_v2_margin_features;value_growth_v2_shareholder_features;value_growth_v3a_plus_industry_momentum_features;value_growth_v3b_pv_features;value_growth_v3b_pv_interact_features,fundamental_context,active,
fundamental_context__float_mktcap,float_mktcap,fundamental_context,derived,,circ_mv,groups.fundamental_context.build_fundamental_context_features,rolling_past,False,alpha_v1_clean_132,fundamental_context,active,
fundamental_context__gross_margin,gross_margin,fundamental_context,derived,,grossprofit_margin,groups.fundamental_context.build_fundamental_context_features,rolling_past,False,alpha_v1_clean_132,fundamental_context,active,
fundamental_context__grossprofit_margin_delta_252d,grossprofit_margin_delta_252d,fundamental_context,derived,,grossprofit_margin,groups.fundamental_context.build_fundamental_context_features,rolling_past,False,value_growth_60d_v3a_full_plus_structured_pv_features;value_growth_multibagger_v1_features;value_growth_multibagger_v2_features;value_growth_multibagger_v3a_features;value_growth_v2_margin_features;value_growth_v2_shareholder_features;value_growth_v3a_plus_industry_momentum_features;value_growth_v3b_pv_features;value_growth_v3b_pv_interact_features,fundamental_context,active,
fundamental_context__inventory_yoy,inventory_yoy,fundamental_context,derived,fina_indicator,inventory,groups.fundamental_context.build_fundamental_context_features,point_in_time,False,,fundamental_context,active,
fundamental_context__log_mktcap,log_mktcap,fundamental_context,derived,,total_mv,groups.fundamental_context.build_fundamental_context_features,rolling_past,False,alpha_v1_clean_132,fundamental_context,active,
fundamental_context__net_margin,net_margin,fundamental_context,raw,fina_indicator,,groups.fundamental_context.build_fundamental_context_features,rolling_past,False,value_growth_60d_v3a_full_plus_structured_pv_features;value_growth_multibagger_v1_features;value_growth_multibagger_v2_features;value_growth_multibagger_v3a_features;value_growth_v2_margin_features;value_growth_v2_shareholder_features;value_growth_v3a_plus_industry_momentum_features;value_growth_v3b_pv_features;value_growth_v3b_pv_interact_features,fundamental_context,active,
fundamental_context__net_margin_delta_756d,net_margin_delta_756d,fundamental_context,derived,,net_margin,groups.fundamental_context.build_fundamental_context_features,rolling_past,True,value_growth_60d_v3a_full_plus_structured_pv_features;value_growth_multibagger_v2_features;value_growth_multibagger_v3a_features;value_growth_v2_margin_features;value_growth_v2_shareholder_features;value_growth_v3a_plus_industry_momentum_features;value_growth_v3b_pv_features;value_growth_v3b_pv_interact_features,fundamental_context,active,
fundamental_context__ocf_margin,ocf_margin,fundamental_context,derived,,op_cashflow;revenue,groups.fundamental_context.build_fundamental_context_features,rolling_past,False,value_growth_60d_v3a_full_plus_structured_pv_features;value_growth_multibagger_v2_features;value_growth_multibagger_v3a_features;value_growth_v2_margin_features;value_growth_v2_shareholder_features;value_growth_v3a_plus_industry_momentum_features;value_growth_v3b_pv_features;value_growth_v3b_pv_interact_features,fundamental_context,active,
fundamental_context__op_cashflow_delta_252d,op_cashflow_delta_252d,fundamental_context,derived,,op_cashflow,groups.fundamental_context.build_fundamental_context_features,rolling_past,False,value_growth_60d_v3a_full_plus_structured_pv_features;value_growth_multibagger_v1_features;value_growth_multibagger_v2_features;value_growth_multibagger_v3a_features;value_growth_v2_margin_features;value_growth_v2_shareholder_features;value_growth_v3a_plus_industry_momentum_features;value_growth_v3b_pv_features;value_growth_v3b_pv_interact_features,fundamental_context,active,
fundamental_context__operating_cf_to_profit,operating_cf_to_profit,fundamental_context,derived,,op_cashflow;net_income,groups.fundamental_context.build_fundamental_context_features,rolling_past,False,value_growth_60d_v3a_full_plus_structured_pv_features;value_growth_multibagger_v1_features;value_growth_multibagger_v2_features;value_growth_multibagger_v3a_features;value_growth_v2_margin_features;value_growth_v2_shareholder_features;value_growth_v3a_plus_industry_momentum_features;value_growth_v3b_pv_features;value_growth_v3b_pv_interact_features,fundamental_context,active,
fundamental_context__overheat_risk_score,overheat_risk_score,fundamental_context,derived,,close;volume;margin_balance,groups.fundamental_context.build_fundamental_context_features,cross_sectional,True,value_growth_60d_v3a_full_plus_structured_pv_features;value_growth_multibagger_v2_features;value_growth_multibagger_v3a_features;value_growth_v2_margin_features;value_growth_v2_shareholder_features;value_growth_v3a_plus_industry_momentum_features;value_growth_v3b_pv_features;value_growth_v3b_pv_interact_features,fundamental_context,active,
fundamental_context__pb_delta_120d,pb_delta_120d,fundamental_context,derived,,pb,groups.fundamental_context.build_fundamental_context_features,rolling_past,False,value_growth_60d_v3a_full_plus_structured_pv_features;value_growth_multibagger_v1_features;value_growth_multibagger_v2_features;value_growth_multibagger_v3a_features;value_growth_v2_margin_features;value_growth_v2_shareholder_features;value_growth_v3a_plus_industry_momentum_features;value_growth_v3b_pv_features;value_growth_v3b_pv_interact_features,fundamental_context,active,
fundamental_context__pb_distance_from_756d_low,pb_distance_from_756d_low,fundamental_context,derived,,pb,groups.fundamental_context.build_fundamental_context_features,rolling_past,True,value_growth_60d_v3a_full_plus_structured_pv_features;value_growth_multibagger_v2_features;value_growth_multibagger_v3a_features;value_growth_v2_margin_features;value_growth_v2_shareholder_features;value_growth_v3a_plus_industry_momentum_features;value_growth_v3b_pv_features;value_growth_v3b_pv_interact_features,fundamental_context,active,
fundamental_context__pb_percentile_756d,pb_percentile_756d,fundamental_context,derived,,pb,groups.fundamental_context.build_fundamental_context_features,cross_sectional,True,value_growth_60d_v3a_full_plus_structured_pv_features;value_growth_multibagger_v2_features;value_growth_multibagger_v3a_features;value_growth_v2_margin_features;value_growth_v2_shareholder_features;value_growth_v3a_plus_industry_momentum_features;value_growth_v3b_pv_features;value_growth_v3b_pv_interact_features,fundamental_context,active,
fundamental_context__pb_rank_252d,pb_rank_252d,fundamental_context,derived,,pb,groups.fundamental_context.build_fundamental_context_features,cross_sectional,True,value_growth_60d_v3a_full_plus_structured_pv_features;value_growth_multibagger_v1_features;value_growth_multibagger_v2_features;value_growth_multibagger_v3a_features;value_growth_v2_margin_features;value_growth_v2_shareholder_features;value_growth_v3a_plus_industry_momentum_features;value_growth_v3b_pv_features;value_growth_v3b_pv_interact_features,fundamental_context,active,
fundamental_context__pb_raw,pb_raw,fundamental_context,derived,,pb,groups.fundamental_context.build_fundamental_context_features,rolling_past,False,,fundamental_context,active,
fundamental_context__pb_repair_room_to_median,pb_repair_room_to_median,fundamental_context,derived,,pb,groups.fundamental_context.build_fundamental_context_features,rolling_past,True,value_growth_60d_v3a_full_plus_structured_pv_features;value_growth_multibagger_v2_features;value_growth_multibagger_v3a_features;value_growth_v2_margin_features;value_growth_v2_shareholder_features;value_growth_v3a_plus_industry_momentum_features;value_growth_v3b_pv_features;value_growth_v3b_pv_interact_features,fundamental_context,active,
fundamental_context__pe_delta_120d,pe_delta_120d,fundamental_context,derived,,pe,groups.fundamental_context.build_fundamental_context_features,rolling_past,False,value_growth_60d_v3a_full_plus_structured_pv_features;value_growth_multibagger_v1_features;value_growth_multibagger_v2_features;value_growth_multibagger_v3a_features;value_growth_v2_margin_features;value_growth_v2_shareholder_features;value_growth_v3a_plus_industry_momentum_features;value_growth_v3b_pv_features;value_growth_v3b_pv_interact_features,fundamental_context,active,
fundamental_context__pe_distance_from_756d_low,pe_distance_from_756d_low,fundamental_context,derived,,pe,groups.fundamental_context.build_fundamental_context_features,rolling_past,True,value_growth_60d_v3a_full_plus_structured_pv_features;value_growth_multibagger_v2_features;value_growth_multibagger_v3a_features;value_growth_v2_margin_features;value_growth_v2_shareholder_features;value_growth_v3a_plus_industry_momentum_features;value_growth_v3b_pv_features;value_growth_v3b_pv_interact_features,fundamental_context,active,
fundamental_context__pe_percentile_756d,pe_percentile_756d,fundamental_context,derived,,pe,groups.fundamental_context.build_fundamental_context_features,cross_sectional,True,value_growth_60d_v3a_full_plus_structured_pv_features;value_growth_multibagger_v2_features;value_growth_multibagger_v3a_features;value_growth_v2_margin_features;value_growth_v2_shareholder_features;value_growth_v3a_plus_industry_momentum_features;value_growth_v3b_pv_features;value_growth_v3b_pv_interact_features,fundamental_context,active,
fundamental_context__pe_rank_252d,pe_rank_252d,fundamental_context,derived,,pe,groups.fundamental_context.build_fundamental_context_features,cross_sectional,True,value_growth_60d_v3a_full_plus_structured_pv_features;value_growth_multibagger_v1_features;value_growth_multibagger_v2_features;value_growth_multibagger_v3a_features;value_growth_v2_margin_features;value_growth_v2_shareholder_features;value_growth_v3a_plus_industry_momentum_features;value_growth_v3b_pv_features;value_growth_v3b_pv_interact_features,fundamental_context,active,
fundamental_context__pe_repair_room_to_median,pe_repair_room_to_median,fundamental_context,derived,,pe,groups.fundamental_context.build_fundamental_context_features,rolling_past,True,value_growth_60d_v3a_full_plus_structured_pv_features;value_growth_multibagger_v2_features;value_growth_multibagger_v3a_features;value_growth_v2_margin_features;value_growth_v2_shareholder_features;value_growth_v3a_plus_industry_momentum_features;value_growth_v3b_pv_features;value_growth_v3b_pv_interact_features,fundamental_context,active,
fundamental_context__pe_ttm,pe_ttm,fundamental_context,derived,,pe,groups.fundamental_context.build_fundamental_context_features,rolling_past,False,,fundamental_context,active,
fundamental_context__peg_proxy,peg_proxy,fundamental_context,derived,,pe;profit_yoy,groups.fundamental_context.build_fundamental_context_features,rolling_past,False,value_growth_60d_v3a_full_plus_structured_pv_features;value_growth_multibagger_v2_features;value_growth_multibagger_v3a_features;value_growth_v2_margin_features;value_growth_v2_shareholder_features;value_growth_v3a_plus_industry_momentum_features;value_growth_v3b_pv_features;value_growth_v3b_pv_interact_features,fundamental_context,active,
fundamental_context__profit_yoy,profit_yoy,fundamental_context,derived,fina_indicator,net_income,groups.fundamental_context.build_fundamental_context_features,point_in_time,False,value_growth_60d_v3a_full_plus_structured_pv_features;value_growth_multibagger_v1_features;value_growth_multibagger_v2_features;value_growth_multibagger_v3a_features;value_growth_v2_margin_features;value_growth_v2_shareholder_features;value_growth_v3a_plus_industry_momentum_features;value_growth_v3b_pv_features;value_growth_v3b_pv_interact_features,fundamental_context,active,
fundamental_context__profit_yoy_accel,profit_yoy_accel,fundamental_context,derived,,net_income,groups.fundamental_context.build_fundamental_context_features,point_in_time,False,value_growth_60d_v3a_full_plus_structured_pv_features;value_growth_multibagger_v2_features;value_growth_multibagger_v3a_features;value_growth_v2_margin_features;value_growth_v2_shareholder_features;value_growth_v3a_plus_industry_momentum_features;value_growth_v3b_pv_features;value_growth_v3b_pv_interact_features,fundamental_context,active,
fundamental_context__ps_ttm,ps_ttm,fundamental_context,derived,,ps,groups.fundamental_context.build_fundamental_context_features,rolling_past,False,,fundamental_context,active,
fundamental_context__repair_candidate_score,repair_candidate_score,fundamental_context,derived,,close;volume;roe;pb,groups.fundamental_context.build_fundamental_context_features,cross_sectional,True,value_growth_60d_v3a_full_plus_structured_pv_features;value_growth_multibagger_v2_features;value_growth_multibagger_v3a_features;value_growth_v2_margin_features;value_growth_v2_shareholder_features;value_growth_v3a_plus_industry_momentum_features;value_growth_v3b_pv_features;value_growth_v3b_pv_interact_features,fundamental_context,active,
fundamental_context__revenue_yoy,revenue_yoy,fundamental_context,derived,fina_indicator,revenue,groups.fundamental_context.build_fundamental_context_features,point_in_time,False,value_growth_60d_v3a_full_plus_structured_pv_features;value_growth_multibagger_v1_features;value_growth_multibagger_v2_features;value_growth_multibagger_v3a_features;value_growth_v2_margin_features;value_growth_v2_shareholder_features;value_growth_v3a_plus_industry_momentum_features;value_growth_v3b_pv_features;value_growth_v3b_pv_interact_features,fundamental_context,active,
fundamental_context__revenue_yoy_accel,revenue_yoy_accel,fundamental_context,derived,,revenue,groups.fundamental_context.build_fundamental_context_features,point_in_time,False,value_growth_60d_v3a_full_plus_structured_pv_features;value_growth_multibagger_v2_features;value_growth_multibagger_v3a_features;value_growth_v2_margin_features;value_growth_v2_shareholder_features;value_growth_v3a_plus_industry_momentum_features;value_growth_v3b_pv_features;value_growth_v3b_pv_interact_features,fundamental_context,active,
fundamental_context__roa,roa,fundamental_context,raw,fina_indicator,,raw,rolling_past,False,value_growth_60d_v3a_full_plus_structured_pv_features;value_growth_multibagger_v1_features;value_growth_multibagger_v2_features;value_growth_multibagger_v3a_features;value_growth_v2_margin_features;value_growth_v2_shareholder_features;value_growth_v3a_plus_industry_momentum_features;value_growth_v3b_pv_features;value_growth_v3b_pv_interact_features,fundamental_context,active,
fundamental_context__roe,roe,fundamental_context,raw,fina_indicator,,raw,rolling_past,False,,fundamental_context,active,
fundamental_context__roe_delta_252d,roe_delta_252d,fundamental_context,derived,,roe,groups.fundamental_context.build_fundamental_context_features,rolling_past,False,value_growth_60d_v3a_full_plus_structured_pv_features;value_growth_multibagger_v1_features;value_growth_multibagger_v2_features;value_growth_multibagger_v3a_features;value_growth_v2_margin_features;value_growth_v2_shareholder_features;value_growth_v3a_plus_industry_momentum_features;value_growth_v3b_pv_features;value_growth_v3b_pv_interact_features,fundamental_context,active,
fundamental_context__roe_delta_756d,roe_delta_756d,fundamental_context,derived,,roe,groups.fundamental_context.build_fundamental_context_features,rolling_past,True,value_growth_60d_v3a_full_plus_structured_pv_features;value_growth_multibagger_v2_features;value_growth_multibagger_v3a_features;value_growth_v2_margin_features;value_growth_v2_shareholder_features;value_growth_v3a_plus_industry_momentum_features;value_growth_v3b_pv_features;value_growth_v3b_pv_interact_features,fundamental_context,active,
fundamental_context__value_trap_risk_score,value_trap_risk_score,fundamental_context,derived,,close;volume;pe;pb;debt_to_assets,groups.fundamental_context.build_fundamental_context_features,cross_sectional,True,value_growth_60d_v3a_full_plus_structured_pv_features;value_growth_multibagger_v2_features;value_growth_multibagger_v3a_features;value_growth_v2_margin_features;value_growth_v2_shareholder_features;value_growth_v3a_plus_industry_momentum_features;value_growth_v3b_pv_features;value_growth_v3b_pv_interact_features,fundamental_context,active,
industry_context__industry_breadth,industry_breadth,industry_context,derived,,close;industry_code,groups.industry_context.build_industry_context_features,industry,False,alpha_v1_clean_132,industry_context,active,
industry_context__industry_ret_1d,industry_ret_1d,industry_context,derived,,close;industry_code,groups.industry_context.build_industry_context_features,industry,False,alpha_v1_clean_132,industry_context,active,
industry_context__industry_ret_3d,industry_ret_3d,industry_context,derived,,close;industry_code,groups.industry_context.build_industry_context_features,industry,False,alpha_v1_clean_132,industry_context,active,
industry_context__industry_ret_5d,industry_ret_5d,industry_context,derived,,close;industry_code,groups.industry_context.build_industry_context_features,industry,False,alpha_v1_clean_132,industry_context,active,
industry_context__stock_minus_industry_ret,stock_minus_industry_ret,industry_context,derived,,close;industry_code,groups.industry_context.build_industry_context_features,industry,False,alpha_v1_clean_132,industry_context,active,
liquidity__amount_log,amount_log,liquidity,derived,,amount,groups.liquidity.build_liquidity_features,rolling_past,False,alpha_v1_clean_132;value_growth_60d_full_price_volume_features,liquidity,active,
liquidity__amount_zscore_20,amount_zscore_20,liquidity,derived,,amount,groups.liquidity.build_liquidity_features,cross_sectional,False,alpha_v1_clean_132;value_growth_60d_full_price_volume_features,liquidity,active,
liquidity__illiquidity,illiquidity,liquidity,derived,,amount;close,groups.liquidity.build_liquidity_features,rolling_past,False,value_growth_60d_full_price_volume_features;value_growth_60d_structured_price_volume_features;value_growth_60d_v3a_full_plus_structured_pv_features,liquidity,active,
liquidity__turnover_acceleration,turnover_acceleration,liquidity,derived,,volume;amount;float_shares,groups.liquidity.build_liquidity_features,rolling_past,False,alpha_v1_clean_132;value_growth_60d_full_price_volume_features;value_growth_60d_structured_price_volume_features;value_growth_60d_v3a_full_plus_structured_pv_features,liquidity,active,
liquidity__turnover_rate,turnover_rate,liquidity,raw,qlib_bar,,raw,rolling_past,False,value_growth_60d_full_price_volume_features,liquidity,active,
liquidity__volume_shock_3,volume_shock_3,liquidity,derived,,volume,groups.liquidity.build_liquidity_features,rolling_past,False,alpha_v1_clean_132;value_growth_60d_full_price_volume_features,liquidity,active,
liquidity__volume_shock_5,volume_shock_5,liquidity,derived,,volume,groups.liquidity.build_liquidity_features,rolling_past,False,alpha_v1_clean_132;value_growth_60d_full_price_volume_features,liquidity,active,
microstructure__close_pos_in_range,close_pos_in_range,microstructure,derived,,close;high;low,groups.microstructure.build_microstructure_features,rolling_past,False,alpha_v1_clean_132;value_growth_60d_full_price_volume_features,microstructure,active,
microstructure__close_to_open_gap_1d,close_to_open_gap_1d,microstructure,derived,,close;open,groups.microstructure.build_microstructure_features,rolling_past,False,value_growth_60d_full_price_volume_features,microstructure,active,
microstructure__intraday_reversal_strength,intraday_reversal_strength,microstructure,derived,,close;open;high;low,groups.microstructure.build_microstructure_features,rolling_past,False,alpha_v1_clean_132;value_growth_60d_full_price_volume_features,microstructure,active,
microstructure__lower_shadow_ratio,lower_shadow_ratio,microstructure,derived,,high;close;open;low,groups.microstructure.build_microstructure_features,rolling_past,False,alpha_v1_clean_132;value_growth_60d_full_price_volume_features,microstructure,active,
microstructure__open_pos_in_range,open_pos_in_range,microstructure,derived,,open;high;low,groups.microstructure.build_microstructure_features,rolling_past,False,alpha_v1_clean_132;value_growth_60d_full_price_volume_features,microstructure,active,
microstructure__open_to_close_ret,open_to_close_ret,microstructure,derived,,open;close,groups.microstructure.build_microstructure_features,rolling_past,False,value_growth_60d_full_price_volume_features,microstructure,active,
microstructure__upper_shadow_ratio,upper_shadow_ratio,microstructure,derived,,high;close;open;low,groups.microstructure.build_microstructure_features,rolling_past,False,alpha_v1_clean_132;value_growth_60d_full_price_volume_features,microstructure,active,
regime__growth_vs_value_proxy,growth_vs_value_proxy,regime,derived,,growth_index_close;value_index_close,groups.regime.build_regime_features,rolling_past,False,alpha_v1_clean_132,regime,active,
regime__index_volatility_10,index_volatility_10,regime,derived,,index_close,groups.regime.build_regime_features,rolling_past,False,alpha_v1_clean_132,regime,active,
regime__index_volatility_20,index_volatility_20,regime,derived,,index_close,groups.regime.build_regime_features,rolling_past,False,alpha_v1_clean_132,regime,active,
regime__index_volatility_5,index_volatility_5,regime,derived,,index_close,groups.regime.build_regime_features,rolling_past,False,alpha_v1_clean_132,regime,active,
regime__limit_up_breadth,limit_up_breadth,regime,derived,,index_limit_up_count;index_constituents,groups.regime.build_regime_features,rolling_past,False,alpha_v1_clean_132,regime,active,
regime__market_breadth,market_breadth,regime,derived,,index_close;index_ma20,groups.regime.build_regime_features,rolling_past,False,alpha_v1_clean_132,regime,active,
regime__market_trend_strength,market_trend_strength,regime,derived,,index_close,groups.regime.build_regime_features,rolling_past,False,alpha_v1_clean_132,regime,active,
regime__small_vs_large_strength,small_vs_large_strength,regime,derived,,small_index_close;large_index_close,groups.regime.build_regime_features,rolling_past,False,alpha_v1_clean_132,regime,active,
relative_strength__above_avg_volume_ratio_60d,above_avg_volume_ratio_60d,relative_strength,derived,,,groups.relative_strength.build_relative_strength_features,rolling_past,True,value_growth_60d_full_price_volume_features;value_growth_60d_structured_price_volume_features;value_growth_60d_v3a_full_plus_structured_pv_features;value_growth_existing_price_volume;value_growth_multibagger_v2_features;value_growth_multibagger_v3a_features;value_growth_v2_margin_features;value_growth_v2_shareholder_features;value_growth_v3a_plus_industry_momentum_features;value_growth_v3b_pv_features;value_growth_v3b_pv_interact_features,relative_strength,active,
relative_strength__amount_mean_3d,amount_mean_3d,relative_strength,derived,,,groups.relative_strength.build_relative_strength_features,rolling_past,False,value_growth_60d_full_price_volume_features,relative_strength,active,
relative_strength__amount_mean_3d_rank,amount_mean_3d_rank,relative_strength,derived,,,groups.relative_strength.build_relative_strength_features,cross_sectional,True,value_growth_60d_full_price_volume_features,relative_strength,active,
relative_strength__amount_mean_5d,amount_mean_5d,relative_strength,derived,,,groups.relative_strength.build_relative_strength_features,rolling_past,False,value_growth_60d_full_price_volume_features,relative_strength,active,
relative_strength__amount_mean_5d_rank,amount_mean_5d_rank,relative_strength,derived,,,groups.relative_strength.build_relative_strength_features,cross_sectional,True,value_growth_60d_full_price_volume_features,relative_strength,active,
relative_strength__amount_ratio_20d,amount_ratio_20d,relative_strength,derived,,,groups.relative_strength.build_relative_strength_features,rolling_past,False,value_growth_60d_full_price_volume_features;value_growth_60d_structured_price_volume_features;value_growth_60d_v3a_full_plus_structured_pv_features;value_growth_existing_price_volume;value_growth_multibagger_v2_features;value_growth_multibagger_v3a_features;value_growth_v2_margin_features;value_growth_v2_shareholder_features;value_growth_v3a_plus_industry_momentum_features;value_growth_v3b_pv_features;value_growth_v3b_pv_interact_features,relative_strength,active,
relative_strength__amount_ratio_60d,amount_ratio_60d,relative_strength,derived,,,groups.relative_strength.build_relative_strength_features,rolling_past,False,value_growth_60d_full_price_volume_features;value_growth_60d_structured_price_volume_features;value_growth_60d_v3a_full_plus_structured_pv_features;value_growth_existing_price_volume;value_growth_multibagger_v2_features;value_growth_multibagger_v3a_features;value_growth_v2_margin_features;value_growth_v2_shareholder_features;value_growth_v3a_plus_industry_momentum_features;value_growth_v3b_pv_features;value_growth_v3b_pv_interact_features,relative_strength,active,
relative_strength__distance_to_120d_high,distance_to_120d_high,relative_strength,derived,,,groups.relative_strength.build_relative_strength_features,rolling_past,True,value_growth_60d_full_price_volume_features;value_growth_60d_structured_price_volume_features;value_growth_60d_v3a_full_plus_structured_pv_features;value_growth_existing_price_volume;value_growth_multibagger_v1_features;value_growth_multibagger_v2_features;value_growth_multibagger_v3a_features;value_growth_v2_margin_features;value_growth_v2_shareholder_features;value_growth_v3a_plus_industry_momentum_features;value_growth_v3b_pv_features;value_growth_v3b_pv_interact_features,relative_strength,active,
relative_strength__distance_to_250d_high,distance_to_250d_high,relative_strength,derived,,,groups.relative_strength.build_relative_strength_features,rolling_past,True,value_growth_60d_full_price_volume_features;value_growth_60d_structured_price_volume_features;value_growth_60d_v3a_full_plus_structured_pv_features;value_growth_existing_price_volume;value_growth_multibagger_v1_features;value_growth_multibagger_v2_features;value_growth_multibagger_v3a_features;value_growth_v2_margin_features;value_growth_v2_shareholder_features;value_growth_v3a_plus_industry_momentum_features;value_growth_v3b_pv_features;value_growth_v3b_pv_interact_features,relative_strength,active,
relative_strength__distance_to_252d_low,distance_to_252d_low,relative_strength,derived,,,groups.relative_strength.build_relative_strength_features,rolling_past,True,value_growth_60d_full_price_volume_features;value_growth_60d_v3a_full_plus_structured_pv_features;value_growth_existing_price_volume;value_growth_multibagger_v2_features;value_growth_multibagger_v3a_features;value_growth_v2_margin_features;value_growth_v2_shareholder_features;value_growth_v3a_plus_industry_momentum_features;value_growth_v3b_pv_features;value_growth_v3b_pv_interact_features,relative_strength,active,
relative_strength__max_pullback_120d,max_pullback_120d,relative_strength,derived,,,groups.relative_strength.build_relative_strength_features,rolling_past,True,value_growth_60d_full_price_volume_features;value_growth_60d_structured_price_volume_features;value_growth_60d_v3a_full_plus_structured_pv_features;value_growth_existing_price_volume;value_growth_multibagger_v2_features;value_growth_multibagger_v3a_features;value_growth_v2_margin_features;value_growth_v2_shareholder_features;value_growth_v3a_plus_industry_momentum_features;value_growth_v3b_pv_features;value_growth_v3b_pv_interact_features,relative_strength,active,
relative_strength__price_percentile_252d,price_percentile_252d,relative_strength,derived,,,groups.relative_strength.build_relative_strength_features,cross_sectional,True,value_growth_60d_full_price_volume_features;value_growth_60d_structured_price_volume_features;value_growth_60d_v3a_full_plus_structured_pv_features;value_growth_existing_price_volume;value_growth_multibagger_v2_features;value_growth_multibagger_v3a_features;value_growth_v2_margin_features;value_growth_v2_shareholder_features;value_growth_v3a_plus_industry_momentum_features;value_growth_v3b_pv_features;value_growth_v3b_pv_interact_features,relative_strength,active,
relative_strength__ret_120d,ret_120d,relative_strength,derived,,,groups.relative_strength.build_relative_strength_features,rolling_past,True,value_growth_60d_full_price_volume_features;value_growth_60d_v3a_full_plus_structured_pv_features;value_growth_existing_price_volume;value_growth_multibagger_v1_features;value_growth_multibagger_v2_features;value_growth_multibagger_v3a_features;value_growth_v2_margin_features;value_growth_v2_shareholder_features;value_growth_v3a_plus_industry_momentum_features;value_growth_v3b_pv_features;value_growth_v3b_pv_interact_features,relative_strength,active,
relative_strength__ret_1d,ret_1d,relative_strength,derived,,,groups.relative_strength.build_relative_strength_features,rolling_past,False,alpha_v1_clean_132;value_growth_60d_full_price_volume_features,relative_strength,active,
relative_strength__ret_1d_rank,ret_1d_rank,relative_strength,derived,,,groups.relative_strength.build_relative_strength_features,cross_sectional,True,alpha_v1_clean_132;value_growth_60d_full_price_volume_features,relative_strength,active,
relative_strength__ret_20d,ret_20d,relative_strength,derived,,,groups.relative_strength.build_relative_strength_features,rolling_past,False,value_growth_60d_full_price_volume_features;value_growth_60d_structured_price_volume_features;value_growth_60d_v3a_full_plus_structured_pv_features;value_growth_existing_price_volume;value_growth_multibagger_v1_features;value_growth_multibagger_v2_features;value_growth_multibagger_v3a_features;value_growth_v2_margin_features;value_growth_v2_shareholder_features;value_growth_v3a_plus_industry_momentum_features;value_growth_v3b_pv_features;value_growth_v3b_pv_interact_features,relative_strength,active,
relative_strength__ret_3d,ret_3d,relative_strength,derived,,,groups.relative_strength.build_relative_strength_features,rolling_past,False,alpha_v1_clean_132;value_growth_60d_full_price_volume_features,relative_strength,active,
relative_strength__ret_3d_rank,ret_3d_rank,relative_strength,derived,,,groups.relative_strength.build_relative_strength_features,cross_sectional,True,alpha_v1_clean_132;value_growth_60d_full_price_volume_features,relative_strength,active,
relative_strength__ret_5d,ret_5d,relative_strength,derived,,,groups.relative_strength.build_relative_strength_features,rolling_past,False,alpha_v1_clean_132;value_growth_60d_full_price_volume_features;value_growth_60d_structured_price_volume_features;value_growth_60d_v3a_full_plus_structured_pv_features,relative_strength,active,
relative_strength__ret_5d_rank,ret_5d_rank,relative_strength,derived,,,groups.relative_strength.build_relative_strength_features,cross_sectional,True,alpha_v1_clean_132;value_growth_60d_full_price_volume_features,relative_strength,active,
relative_strength__ret_60d,ret_60d,relative_strength,derived,,,groups.relative_strength.build_relative_strength_features,rolling_past,True,value_growth_60d_full_price_volume_features;value_growth_60d_structured_price_volume_features;value_growth_60d_v3a_full_plus_structured_pv_features;value_growth_existing_price_volume;value_growth_multibagger_v1_features;value_growth_multibagger_v2_features;value_growth_multibagger_v3a_features;value_growth_v2_margin_features;value_growth_v2_shareholder_features;value_growth_v3a_plus_industry_momentum_features;value_growth_v3b_pv_features;value_growth_v3b_pv_interact_features,relative_strength,active,
relative_strength__rps_120d,rps_120d,relative_strength,derived,,,groups.relative_strength.build_relative_strength_features,cross_sectional,True,value_growth_60d_full_price_volume_features;value_growth_60d_v3a_full_plus_structured_pv_features;value_growth_existing_price_volume;value_growth_multibagger_v2_features;value_growth_multibagger_v3a_features;value_growth_v2_margin_features;value_growth_v2_shareholder_features;value_growth_v3a_plus_industry_momentum_features;value_growth_v3b_pv_features;value_growth_v3b_pv_interact_features,relative_strength,active,
relative_strength__rps_20d,rps_20d,relative_strength,derived,,,groups.relative_strength.build_relative_strength_features,cross_sectional,True,value_growth_60d_full_price_volume_features;value_growth_60d_structured_price_volume_features;value_growth_60d_v3a_full_plus_structured_pv_features;value_growth_existing_price_volume;value_growth_multibagger_v2_features;value_growth_multibagger_v3a_features;value_growth_v2_margin_features;value_growth_v2_shareholder_features;value_growth_v3a_plus_industry_momentum_features;value_growth_v3b_pv_features;value_growth_v3b_pv_interact_features,relative_strength,active,
relative_strength__rps_20d_minus_rps_60d,rps_20d_minus_rps_60d,relative_strength,derived,,,groups.relative_strength.build_relative_strength_features,cross_sectional,True,value_growth_60d_full_price_volume_features;value_growth_60d_structured_price_volume_features;value_growth_60d_v3a_full_plus_structured_pv_features;value_growth_existing_price_volume;value_growth_multibagger_v2_features;value_growth_multibagger_v3a_features;value_growth_v2_margin_features;value_growth_v2_shareholder_features;value_growth_v3a_plus_industry_momentum_features;value_growth_v3b_pv_features;value_growth_v3b_pv_interact_features,relative_strength,active,
relative_strength__rps_60d,rps_60d,relative_strength,derived,,,groups.relative_strength.build_relative_strength_features,cross_sectional,True,value_growth_60d_full_price_volume_features;value_growth_60d_structured_price_volume_features;value_growth_60d_v3a_full_plus_structured_pv_features;value_growth_existing_price_volume;value_growth_multibagger_v2_features;value_growth_multibagger_v3a_features;value_growth_v2_margin_features;value_growth_v2_shareholder_features;value_growth_v3a_plus_industry_momentum_features;value_growth_v3b_pv_features;value_growth_v3b_pv_interact_features,relative_strength,active,
relative_strength__rps_industry_120d,rps_industry_120d,relative_strength,derived,,,groups.relative_strength.build_relative_strength_features,cross_sectional,True,value_growth_60d_full_price_volume_features;value_growth_60d_v3a_full_plus_structured_pv_features;value_growth_multibagger_v2_features;value_growth_multibagger_v3a_features;value_growth_v2_margin_features;value_growth_v2_shareholder_features;value_growth_v3a_plus_industry_momentum_features;value_growth_v3b_pv_features;value_growth_v3b_pv_interact_features,relative_strength,active,
relative_strength__rps_industry_60d,rps_industry_60d,relative_strength,derived,,,groups.relative_strength.build_relative_strength_features,cross_sectional,True,value_growth_60d_full_price_volume_features;value_growth_60d_v3a_full_plus_structured_pv_features;value_growth_multibagger_v2_features;value_growth_multibagger_v3a_features;value_growth_v2_margin_features;value_growth_v2_shareholder_features;value_growth_v3a_plus_industry_momentum_features;value_growth_v3b_pv_features;value_growth_v3b_pv_interact_features,relative_strength,active,
relative_strength__stock_minus_index_ret_3d,stock_minus_index_ret_3d,relative_strength,derived,,,groups.relative_strength.build_relative_strength_features,rolling_past,False,alpha_v1_clean_132;value_growth_60d_full_price_volume_features,relative_strength,active,
relative_strength__stock_minus_index_ret_5d,stock_minus_index_ret_5d,relative_strength,derived,,,groups.relative_strength.build_relative_strength_features,rolling_past,False,alpha_v1_clean_132;value_growth_60d_full_price_volume_features,relative_strength,active,
relative_strength__stock_minus_industry_ret_3d,stock_minus_industry_ret_3d,relative_strength,derived,,close;industry_code,groups.industry_context.build_industry_context_features,rolling_past,False,alpha_v1_clean_132;value_growth_60d_full_price_volume_features,relative_strength,active,
relative_strength__stock_minus_industry_ret_5d,stock_minus_industry_ret_5d,relative_strength,derived,,close;industry_code,groups.industry_context.build_industry_context_features,rolling_past,False,alpha_v1_clean_132;value_growth_60d_full_price_volume_features,relative_strength,active,
relative_strength__trend_smoothness_120d,trend_smoothness_120d,relative_strength,derived,,,groups.relative_strength.build_relative_strength_features,rolling_past,True,value_growth_60d_full_price_volume_features;value_growth_60d_v3a_full_plus_structured_pv_features;value_growth_existing_price_volume;value_growth_multibagger_v2_features;value_growth_multibagger_v3a_features;value_growth_v2_margin_features;value_growth_v2_shareholder_features;value_growth_v3a_plus_industry_momentum_features;value_growth_v3b_pv_features;value_growth_v3b_pv_interact_features,relative_strength,active,
relative_strength__trend_smoothness_60d,trend_smoothness_60d,relative_strength,derived,,,groups.relative_strength.build_relative_strength_features,rolling_past,True,value_growth_60d_full_price_volume_features;value_growth_60d_structured_price_volume_features;value_growth_60d_v3a_full_plus_structured_pv_features;value_growth_existing_price_volume;value_growth_multibagger_v2_features;value_growth_multibagger_v3a_features;value_growth_v2_margin_features;value_growth_v2_shareholder_features;value_growth_v3a_plus_industry_momentum_features;value_growth_v3b_pv_features;value_growth_v3b_pv_interact_features,relative_strength,active,
relative_strength__up_day_ratio_120d,up_day_ratio_120d,relative_strength,derived,,,groups.relative_strength.build_relative_strength_features,rolling_past,True,value_growth_60d_full_price_volume_features;value_growth_60d_v3a_full_plus_structured_pv_features;value_growth_existing_price_volume;value_growth_multibagger_v2_features;value_growth_multibagger_v3a_features;value_growth_v2_margin_features;value_growth_v2_shareholder_features;value_growth_v3a_plus_industry_momentum_features;value_growth_v3b_pv_features;value_growth_v3b_pv_interact_features,relative_strength,active,
relative_strength__up_day_ratio_60d,up_day_ratio_60d,relative_strength,derived,,,groups.relative_strength.build_relative_strength_features,rolling_past,True,value_growth_60d_full_price_volume_features;value_growth_60d_structured_price_volume_features;value_growth_60d_v3a_full_plus_structured_pv_features;value_growth_existing_price_volume;value_growth_multibagger_v2_features;value_growth_multibagger_v3a_features;value_growth_v2_margin_features;value_growth_v2_shareholder_features;value_growth_v3a_plus_industry_momentum_features;value_growth_v3b_pv_features;value_growth_v3b_pv_interact_features,relative_strength,active,
relative_strength__vol_mean_3d,vol_mean_3d,relative_strength,derived,,,groups.relative_strength.build_relative_strength_features,rolling_past,False,value_growth_60d_full_price_volume_features,relative_strength,active,
relative_strength__vol_mean_3d_rank,vol_mean_3d_rank,relative_strength,derived,,,groups.relative_strength.build_relative_strength_features,cross_sectional,True,value_growth_60d_full_price_volume_features,relative_strength,active,
relative_strength__vol_mean_5d,vol_mean_5d,relative_strength,derived,,,groups.relative_strength.build_relative_strength_features,rolling_past,False,value_growth_60d_full_price_volume_features,relative_strength,active,
relative_strength__vol_mean_5d_rank,vol_mean_5d_rank,relative_strength,derived,,,groups.relative_strength.build_relative_strength_features,cross_sectional,True,value_growth_60d_full_price_volume_features,relative_strength,active,
relative_strength__volatility_adjusted_return_120d,volatility_adjusted_return_120d,relative_strength,derived,,,groups.relative_strength.build_relative_strength_features,rolling_past,True,value_growth_60d_full_price_volume_features;value_growth_60d_v3a_full_plus_structured_pv_features;value_growth_existing_price_volume;value_growth_multibagger_v2_features;value_growth_multibagger_v3a_features;value_growth_v2_margin_features;value_growth_v2_shareholder_features;value_growth_v3a_plus_industry_momentum_features;value_growth_v3b_pv_features;value_growth_v3b_pv_interact_features,relative_strength,active,
relative_strength__volatility_adjusted_return_60d,volatility_adjusted_return_60d,relative_strength,derived,,,groups.relative_strength.build_relative_strength_features,rolling_past,True,value_growth_60d_full_price_volume_features;value_growth_60d_structured_price_volume_features;value_growth_60d_v3a_full_plus_structured_pv_features;value_growth_existing_price_volume;value_growth_multibagger_v2_features;value_growth_multibagger_v3a_features;value_growth_v2_margin_features;value_growth_v2_shareholder_features;value_growth_v3a_plus_industry_momentum_features;value_growth_v3b_pv_features;value_growth_v3b_pv_interact_features,relative_strength,active,
relative_strength__volume_ratio_20d,volume_ratio_20d,relative_strength,derived,,,groups.relative_strength.build_relative_strength_features,rolling_past,False,value_growth_60d_full_price_volume_features;value_growth_60d_structured_price_volume_features;value_growth_60d_v3a_full_plus_structured_pv_features;value_growth_existing_price_volume;value_growth_multibagger_v1_features;value_growth_multibagger_v2_features;value_growth_multibagger_v3a_features;value_growth_v2_margin_features;value_growth_v2_shareholder_features;value_growth_v3a_plus_industry_momentum_features;value_growth_v3b_pv_features;value_growth_v3b_pv_interact_features,relative_strength,active,
relative_strength__volume_ratio_60d,volume_ratio_60d,relative_strength,derived,,,groups.relative_strength.build_relative_strength_features,rolling_past,False,value_growth_60d_full_price_volume_features;value_growth_60d_structured_price_volume_features;value_growth_60d_v3a_full_plus_structured_pv_features;value_growth_existing_price_volume;value_growth_multibagger_v1_features;value_growth_multibagger_v2_features;value_growth_multibagger_v3a_features;value_growth_v2_margin_features;value_growth_v2_shareholder_features;value_growth_v3a_plus_industry_momentum_features;value_growth_v3b_pv_features;value_growth_v3b_pv_interact_features,relative_strength,active,
relative_strength__volume_spike_20d,volume_spike_20d,relative_strength,derived,,,groups.relative_strength.build_relative_strength_features,rolling_past,False,value_growth_60d_full_price_volume_features;value_growth_60d_structured_price_volume_features;value_growth_60d_v3a_full_plus_structured_pv_features;value_growth_existing_price_volume;value_growth_multibagger_v2_features;value_growth_multibagger_v3a_features;value_growth_v2_margin_features;value_growth_v2_shareholder_features;value_growth_v3a_plus_industry_momentum_features;value_growth_v3b_pv_features;value_growth_v3b_pv_interact_features,relative_strength,active,
relative_strength__volume_stability_60d,volume_stability_60d,relative_strength,derived,,,groups.relative_strength.build_relative_strength_features,rolling_past,True,value_growth_60d_full_price_volume_features;value_growth_60d_structured_price_volume_features;value_growth_60d_v3a_full_plus_structured_pv_features;value_growth_existing_price_volume;value_growth_multibagger_v2_features;value_growth_multibagger_v3a_features;value_growth_v2_margin_features;value_growth_v2_shareholder_features;value_growth_v3a_plus_industry_momentum_features;value_growth_v3b_pv_features;value_growth_v3b_pv_interact_features,relative_strength,active,
relative_strength__volume_up_down_ratio_60d,volume_up_down_ratio_60d,relative_strength,derived,,,groups.relative_strength.build_relative_strength_features,rolling_past,True,value_growth_60d_full_price_volume_features;value_growth_60d_structured_price_volume_features;value_growth_60d_v3a_full_plus_structured_pv_features;value_growth_existing_price_volume;value_growth_multibagger_v2_features;value_growth_multibagger_v3a_features;value_growth_v2_margin_features;value_growth_v2_shareholder_features;value_growth_v3a_plus_industry_momentum_features;value_growth_v3b_pv_features;value_growth_v3b_pv_interact_features,relative_strength,active,
tradability__distance_to_limit_down,distance_to_limit_down,tradability,derived,,close;low_limit,groups.tradability.build_tradability_features,rolling_past,False,value_growth_60d_full_price_volume_features;value_growth_60d_structured_price_volume_features;value_growth_60d_v3a_full_plus_structured_pv_features,tradability,active,
tradability__distance_to_limit_up,distance_to_limit_up,tradability,derived,,close;high_limit,groups.tradability.build_tradability_features,rolling_past,False,value_growth_60d_full_price_volume_features;value_growth_60d_structured_price_volume_features;value_growth_60d_v3a_full_plus_structured_pv_features,tradability,active,
tradability__is_limit_down,is_limit_down,tradability,derived,,close;low_limit,groups.tradability.build_tradability_features,rolling_past,False,alpha_v1_clean_132;value_growth_60d_full_price_volume_features,tradability,active,
tradability__is_limit_up,is_limit_up,tradability,derived,,close;high_limit,groups.tradability.build_tradability_features,rolling_past,False,alpha_v1_clean_132;value_growth_60d_full_price_volume_features,tradability,active,
tradability__limit_up_count_5d,limit_up_count_5d,tradability,derived,,close;high_limit,groups.tradability.build_tradability_features,rolling_past,False,alpha_v1_clean_132;value_growth_60d_full_price_volume_features,tradability,active,
tradability__opened_from_limit_up,opened_from_limit_up,tradability,derived,,open;high_limit;close,groups.tradability.build_tradability_features,rolling_past,False,alpha_v1_clean_132;value_growth_60d_full_price_volume_features,tradability,active,
tradability__tradability_score,tradability_score,tradability,derived,,close;high_limit;low_limit;volume,groups.tradability.build_tradability_features,cross_sectional,False,alpha_v1_clean_132;value_growth_60d_full_price_volume_features;value_growth_60d_structured_price_volume_features;value_growth_60d_v3a_full_plus_structured_pv_features,tradability,active,
v3a_margin__margin_balance_chg_20d,margin_balance_chg_20d,v3a_margin,derived,,margin_balance,groups.value_growth_v3a.build_margin_features,rolling_past,False,value_growth_60d_v3a_full_plus_structured_pv_features;value_growth_multibagger_v3a_features;value_growth_v2_margin_features;value_growth_v3a_plus_industry_momentum_features;value_growth_v3b_pv_features;value_growth_v3b_pv_interact_features,v3a_margin,active,
v3a_margin__margin_balance_chg_60d,margin_balance_chg_60d,v3a_margin,derived,,margin_balance,groups.value_growth_v3a.build_margin_features,rolling_past,False,value_growth_60d_v3a_full_plus_structured_pv_features;value_growth_multibagger_v3a_features;value_growth_v2_margin_features;value_growth_v3a_plus_industry_momentum_features;value_growth_v3b_pv_features;value_growth_v3b_pv_interact_features,v3a_margin,active,
v3a_margin__margin_balance_to_float_mv,margin_balance_to_float_mv,v3a_margin,derived,,margin_balance;circ_mv,groups.value_growth_v3a.build_margin_features,rolling_past,False,value_growth_60d_v3a_full_plus_structured_pv_features;value_growth_multibagger_v3a_features;value_growth_v2_margin_features;value_growth_v3a_plus_industry_momentum_features;value_growth_v3b_pv_features;value_growth_v3b_pv_interact_features,v3a_margin,active,
v3a_margin__margin_buy_intensity_20d,margin_buy_intensity_20d,v3a_margin,derived,,margin_buy_amount,groups.value_growth_v3a.build_margin_features,rolling_past,False,value_growth_60d_v3a_full_plus_structured_pv_features;value_growth_multibagger_v3a_features;value_growth_v2_margin_features;value_growth_v3a_plus_industry_momentum_features;value_growth_v3b_pv_features;value_growth_v3b_pv_interact_features,v3a_margin,active,
v3a_margin__margin_crowding_score,margin_crowding_score,v3a_margin,derived,,margin_balance;circ_mv;margin_buy_amount,groups.value_growth_v3a.build_margin_features,cross_sectional,True,value_growth_60d_v3a_full_plus_structured_pv_features;value_growth_multibagger_v3a_features;value_growth_v2_margin_features;value_growth_v3a_plus_industry_momentum_features;value_growth_v3b_pv_features;value_growth_v3b_pv_interact_features,v3a_margin,active,
v3a_margin__margin_eligible,margin_eligible,v3a_margin,derived,,margin_eligible_flag,groups.value_growth_v3a.build_margin_features,rolling_past,False,value_growth_60d_v3a_full_plus_structured_pv_features;value_growth_multibagger_v3a_features;value_growth_v2_margin_features;value_growth_v3a_plus_industry_momentum_features;value_growth_v3b_pv_features;value_growth_v3b_pv_interact_features,v3a_margin,active,
v3a_margin__margin_overheat_risk_score,margin_overheat_risk_score,v3a_margin,derived,,margin_balance;margin_buy_amount;close,groups.value_growth_v3a.build_margin_features,cross_sectional,True,value_growth_60d_v3a_full_plus_structured_pv_features;value_growth_multibagger_v3a_features;value_growth_v2_margin_features;value_growth_v3a_plus_industry_momentum_features;value_growth_v3b_pv_features;value_growth_v3b_pv_interact_features,v3a_margin,active,
v3a_margin__margin_repay_to_buy_20d,margin_repay_to_buy_20d,v3a_margin,derived,,margin_repay_amount;margin_buy_amount,groups.value_growth_v3a.build_margin_features,rolling_past,False,value_growth_60d_v3a_full_plus_structured_pv_features;value_growth_multibagger_v3a_features;value_growth_v2_margin_features;value_growth_v3a_plus_industry_momentum_features;value_growth_v3b_pv_features;value_growth_v3b_pv_interact_features,v3a_margin,active,
v3a_margin__margin_trend_confirm_score,margin_trend_confirm_score,v3a_margin,derived,,margin_balance;close,groups.value_growth_v3a.build_margin_features,cross_sectional,True,value_growth_60d_v3a_full_plus_structured_pv_features;value_growth_multibagger_v3a_features;value_growth_v2_margin_features;value_growth_v3a_plus_industry_momentum_features;value_growth_v3b_pv_features;value_growth_v3b_pv_interact_features,v3a_margin,active,
v3a_shareholder__avg_shares_per_holder_chg_qoq,avg_shares_per_holder_chg_qoq,v3a_shareholder,derived,,avg_shares_per_holder,groups.value_growth_v3a.build_shareholder_features,rolling_past,False,value_growth_60d_v3a_full_plus_structured_pv_features;value_growth_multibagger_v3a_features;value_growth_v2_shareholder_features;value_growth_v3a_plus_industry_momentum_features;value_growth_v3b_pv_features;value_growth_v3b_pv_interact_features,v3a_shareholder,active,
v3a_shareholder__holder_concentration_score,holder_concentration_score,v3a_shareholder,derived,,top10_holder_ratio;holder_num,groups.value_growth_v3a.build_shareholder_features,cross_sectional,True,value_growth_60d_v3a_full_plus_structured_pv_features;value_growth_multibagger_v3a_features;value_growth_v2_shareholder_features;value_growth_v3a_plus_industry_momentum_features;value_growth_v3b_pv_features;value_growth_v3b_pv_interact_features,v3a_shareholder,active,
v3a_shareholder__holder_num_chg_2q,holder_num_chg_2q,v3a_shareholder,derived,,holder_num,groups.value_growth_v3a.build_shareholder_features,rolling_past,False,value_growth_60d_v3a_full_plus_structured_pv_features;value_growth_multibagger_v3a_features;value_growth_v2_shareholder_features;value_growth_v3a_plus_industry_momentum_features;value_growth_v3b_pv_features;value_growth_v3b_pv_interact_features,v3a_shareholder,active,
v3a_shareholder__holder_num_chg_qoq,holder_num_chg_qoq,v3a_shareholder,derived,,holder_num,groups.value_growth_v3a.build_shareholder_features,rolling_past,False,value_growth_60d_v3a_full_plus_structured_pv_features;value_growth_multibagger_v3a_features;value_growth_v2_shareholder_features;value_growth_v3a_plus_industry_momentum_features;value_growth_v3b_pv_features;value_growth_v3b_pv_interact_features,v3a_shareholder,active,
v3a_shareholder__holder_num_stale_days,holder_num_stale_days,v3a_shareholder,derived,,holder_num,groups.value_growth_v3a.build_shareholder_features,rolling_past,False,value_growth_60d_v3a_full_plus_structured_pv_features;value_growth_multibagger_v3a_features;value_growth_v2_shareholder_features;value_growth_v3a_plus_industry_momentum_features;value_growth_v3b_pv_features;value_growth_v3b_pv_interact_features,v3a_shareholder,active,
v3a_shareholder__holder_price_confirm_score,holder_price_confirm_score,v3a_shareholder,derived,,holder_num;close,groups.value_growth_v3a.build_shareholder_features,cross_sectional,True,value_growth_60d_v3a_full_plus_structured_pv_features;value_growth_multibagger_v3a_features;value_growth_v2_shareholder_features;value_growth_v3a_plus_industry_momentum_features;value_growth_v3b_pv_features;value_growth_v3b_pv_interact_features,v3a_shareholder,active,
v3a_shareholder__holder_squeeze_score,holder_squeeze_score,v3a_shareholder,derived,,holder_num;avg_shares_per_holder,groups.value_growth_v3a.build_shareholder_features,cross_sectional,True,value_growth_60d_v3a_full_plus_structured_pv_features;value_growth_multibagger_v3a_features;value_growth_v2_shareholder_features;value_growth_v3a_plus_industry_momentum_features;value_growth_v3b_pv_features;value_growth_v3b_pv_interact_features,v3a_shareholder,active,
v3a_shareholder__top10_holder_ratio,top10_holder_ratio,v3a_shareholder,raw,shareholder_parquet,,groups.value_growth_v3a.build_shareholder_features,rolling_past,False,value_growth_60d_v3a_full_plus_structured_pv_features;value_growth_multibagger_v3a_features;value_growth_v2_shareholder_features;value_growth_v3a_plus_industry_momentum_features;value_growth_v3b_pv_features;value_growth_v3b_pv_interact_features,v3a_shareholder,active,
v3a_shareholder__top10_holder_ratio_chg_qoq,top10_holder_ratio_chg_qoq,v3a_shareholder,derived,,top10_holder_ratio,groups.value_growth_v3a.build_shareholder_features,rolling_past,False,value_growth_60d_v3a_full_plus_structured_pv_features;value_growth_multibagger_v3a_features;value_growth_v2_shareholder_features;value_growth_v3a_plus_industry_momentum_features;value_growth_v3b_pv_features;value_growth_v3b_pv_interact_features,v3a_shareholder,active,
v3a_shareholder__top10_holder_stale_days,top10_holder_stale_days,v3a_shareholder,derived,,top10_holder_ratio,groups.value_growth_v3a.build_shareholder_features,rolling_past,False,value_growth_60d_v3a_full_plus_structured_pv_features;value_growth_multibagger_v3a_features;value_growth_v2_shareholder_features;value_growth_v3a_plus_industry_momentum_features;value_growth_v3b_pv_features;value_growth_v3b_pv_interact_features,v3a_shareholder,active,
v3b_interaction__holder_concentration_low_vol_uptrend,holder_concentration_low_vol_uptrend,v3b_interaction,derived,,top10_holder_ratio;close;volume,groups.value_growth_v3b_price_volume.build_v3a_v3b_interaction_features,rolling_past,True,value_growth_v3b_pv_interact_features,v3b_interaction,active,
v3b_interaction__holder_concentration_trend_confirm,holder_concentration_trend_confirm,v3b_interaction,derived,,top10_holder_ratio;close,groups.value_growth_v3b_price_volume.build_v3a_v3b_interaction_features,rolling_past,True,value_growth_v3b_pv_interact_features,v3b_interaction,active,
v3b_interaction__holder_concentration_volume_contract,holder_concentration_volume_contract,v3b_interaction,derived,,top10_holder_ratio;volume,groups.value_growth_v3b_price_volume.build_v3a_v3b_interaction_features,rolling_past,True,value_growth_v3b_pv_interact_features,v3b_interaction,active,
v3b_interaction__margin_holder_trend_confirm,margin_holder_trend_confirm,v3b_interaction,derived,,margin_balance;top10_holder_ratio;close,groups.value_growth_v3b_price_volume.build_v3a_v3b_interaction_features,rolling_past,True,value_growth_v3b_pv_interact_features,v3b_interaction,active,
v3b_interaction__margin_pullback_recovery_confirm,margin_pullback_recovery_confirm,v3b_interaction,derived,,margin_balance;close,groups.value_growth_v3b_price_volume.build_v3a_v3b_interaction_features,rolling_past,True,value_growth_v3b_pv_interact_features,v3b_interaction,active,
v3b_price_volume__amount_stability_60d,amount_stability_60d,v3b_price_volume,derived,,amount,groups.value_growth_v3b_price_volume.build_volume_quality_features,rolling_past,False,value_growth_60d_full_price_volume_features;value_growth_60d_structured_price_volume_features;value_growth_60d_v3a_full_plus_structured_pv_features;value_growth_v3b_pv_features;value_growth_v3b_pv_interact_features,v3b_price_volume,active,
v3b_price_volume__breakout_volume_quality_120d,breakout_volume_quality_120d,v3b_price_volume,derived,,close;volume,groups.value_growth_v3b_price_volume.build_volume_quality_features,rolling_past,True,value_growth_60d_full_price_volume_features;value_growth_60d_structured_price_volume_features;value_growth_60d_v3a_full_plus_structured_pv_features;value_growth_v3b_pv_features;value_growth_v3b_pv_interact_features,v3b_price_volume,active,
v3b_price_volume__low_vol_uptrend_120d,low_vol_uptrend_120d,v3b_price_volume,derived,,close,groups.value_growth_v3b_price_volume.build_trend_quality_features,rolling_past,True,value_growth_60d_full_price_volume_features;value_growth_v3b_pv_features;value_growth_v3b_pv_interact_features,v3b_price_volume,active,
v3b_price_volume__low_vol_uptrend_60d,low_vol_uptrend_60d,v3b_price_volume,derived,,close,groups.value_growth_v3b_price_volume.build_trend_quality_features,rolling_past,True,value_growth_60d_full_price_volume_features;value_growth_60d_structured_price_volume_features;value_growth_60d_v3a_full_plus_structured_pv_features;value_growth_v3b_pv_features;value_growth_v3b_pv_interact_features,v3b_price_volume,active,
v3b_price_volume__new_high_persistence_120d,new_high_persistence_120d,v3b_price_volume,derived,,close,groups.value_growth_v3b_price_volume.build_trend_quality_features,rolling_past,True,value_growth_60d_full_price_volume_features;value_growth_v3b_pv_features;value_growth_v3b_pv_interact_features,v3b_price_volume,active,
v3b_price_volume__pullback_recovery_speed_60d,pullback_recovery_speed_60d,v3b_price_volume,derived,,close,groups.value_growth_v3b_price_volume.build_trend_quality_features,rolling_past,True,value_growth_60d_full_price_volume_features;value_growth_60d_structured_price_volume_features;value_growth_60d_v3a_full_plus_structured_pv_features;value_growth_v3b_pv_features;value_growth_v3b_pv_interact_features,v3b_price_volume,active,
v3b_price_volume__quiet_accumulation_60d,quiet_accumulation_60d,v3b_price_volume,derived,,close;volume,groups.value_growth_v3b_price_volume.build_volume_quality_features,rolling_past,True,value_growth_60d_full_price_volume_features;value_growth_60d_structured_price_volume_features;value_growth_60d_v3a_full_plus_structured_pv_features;value_growth_v3b_pv_features;value_growth_v3b_pv_interact_features,v3b_price_volume,active,
v3b_price_volume__return_drawdown_ratio_120d,return_drawdown_ratio_120d,v3b_price_volume,derived,,close,groups.value_growth_v3b_price_volume.build_trend_quality_features,rolling_past,True,value_growth_60d_full_price_volume_features;value_growth_v3b_pv_features;value_growth_v3b_pv_interact_features,v3b_price_volume,active,
v3b_price_volume__return_drawdown_ratio_60d,return_drawdown_ratio_60d,v3b_price_volume,derived,,close,groups.value_growth_v3b_price_volume.build_trend_quality_features,rolling_past,True,value_growth_60d_full_price_volume_features;value_growth_60d_structured_price_volume_features;value_growth_60d_v3a_full_plus_structured_pv_features;value_growth_v3b_pv_features;value_growth_v3b_pv_interact_features,v3b_price_volume,active,
v3b_price_volume__trend_consistency_120d,trend_consistency_120d,v3b_price_volume,derived,,close,groups.value_growth_v3b_price_volume.build_trend_quality_features,rolling_past,True,value_growth_60d_full_price_volume_features;value_growth_v3b_pv_features;value_growth_v3b_pv_interact_features,v3b_price_volume,active,
v3b_price_volume__trend_consistency_60d,trend_consistency_60d,v3b_price_volume,derived,,close,groups.value_growth_v3b_price_volume.build_trend_quality_features,rolling_past,True,value_growth_60d_full_price_volume_features;value_growth_60d_structured_price_volume_features;value_growth_60d_v3a_full_plus_structured_pv_features;value_growth_v3b_pv_features;value_growth_v3b_pv_interact_features,v3b_price_volume,active,
v3b_price_volume__up_volume_down_volume_ratio_120d,up_volume_down_volume_ratio_120d,v3b_price_volume,derived,,close;volume,groups.value_growth_v3b_price_volume.build_volume_quality_features,rolling_past,False,value_growth_60d_full_price_volume_features;value_growth_v3b_pv_features;value_growth_v3b_pv_interact_features,v3b_price_volume,active,
v3b_price_volume__up_volume_down_volume_ratio_60d,up_volume_down_volume_ratio_60d,v3b_price_volume,derived,,close;volume,groups.value_growth_v3b_price_volume.build_volume_quality_features,rolling_past,False,value_growth_60d_full_price_volume_features;value_growth_60d_structured_price_volume_features;value_growth_60d_v3a_full_plus_structured_pv_features;value_growth_v3b_pv_features;value_growth_v3b_pv_interact_features,v3b_price_volume,active,
v3b_price_volume__volume_contraction_after_rise_60d,volume_contraction_after_rise_60d,v3b_price_volume,derived,,close;volume,groups.value_growth_v3b_price_volume.build_volume_quality_features,rolling_past,False,value_growth_60d_full_price_volume_features;value_growth_60d_structured_price_volume_features;value_growth_60d_v3a_full_plus_structured_pv_features;value_growth_v3b_pv_features;value_growth_v3b_pv_interact_features,v3b_price_volume,active,
yaml_only__$amount,$amount,yaml_only,raw,qlib_bar,,,point_in_time,False,momentum_price_volume_v1,,active,"YAML-only feature, not registered in FEATURE_GROUPS"
yaml_only__$big_inflow,$big_inflow,yaml_only,raw,qlib_bar,,,point_in_time,False,alpha_v1_clean_132,,active,"YAML-only feature, not registered in FEATURE_GROUPS"
yaml_only__$circ_mv,$circ_mv,yaml_only,raw,qlib_bar,,,point_in_time,False,alpha_v1_clean_132,,active,"YAML-only feature, not registered in FEATURE_GROUPS"
yaml_only__$close,$close,yaml_only,raw,qlib_bar,,,point_in_time,False,alpha_v1_clean_132,,active,"YAML-only feature, not registered in FEATURE_GROUPS"
yaml_only__$debt_to_assets,$debt_to_assets,yaml_only,raw,fina_indicator,,,point_in_time,False,value_growth_60d_v3a_full_plus_structured_pv_features,,active,"YAML-only feature, not registered in FEATURE_GROUPS"
yaml_only__$equity,$equity,yaml_only,raw,fina_indicator,,,point_in_time,False,alpha_v1_clean_132,,active,"YAML-only feature, not registered in FEATURE_GROUPS"
yaml_only__$factor,$factor,yaml_only,raw,qlib_bar,,,point_in_time,False,alpha_v1_clean_132,,active,"YAML-only feature, not registered in FEATURE_GROUPS"
yaml_only__$grossprofit_margin,$grossprofit_margin,yaml_only,raw,fina_indicator,,,point_in_time,False,value_growth_60d_v3a_full_plus_structured_pv_features,,active,"YAML-only feature, not registered in FEATURE_GROUPS"
yaml_only__$high,$high,yaml_only,raw,qlib_bar,,,point_in_time,False,alpha_v1_clean_132,,active,"YAML-only feature, not registered in FEATURE_GROUPS"
yaml_only__$high/$close,$high/$close,yaml_only,raw,qlib_expression,,,point_in_time,False,alpha_v1_clean_132,,active,"YAML-only feature, not registered in FEATURE_GROUPS"
yaml_only__$industry,$industry,yaml_only,raw,qlib_expression,,,point_in_time,False,value_growth_v3a_plus_industry_momentum_features,,active,"YAML-only feature, not registered in FEATURE_GROUPS"
yaml_only__$lend_repay_volume,$lend_repay_volume,yaml_only,raw,qlib_margin,,,point_in_time,False,alpha_v1_clean_132,,active,"YAML-only feature, not registered in FEATURE_GROUPS"
yaml_only__$lend_sell_volume,$lend_sell_volume,yaml_only,raw,qlib_margin,,,point_in_time,False,alpha_v1_clean_132,,active,"YAML-only feature, not registered in FEATURE_GROUPS"
yaml_only__$low,$low,yaml_only,raw,qlib_bar,,,point_in_time,False,alpha_v1_clean_132,,active,"YAML-only feature, not registered in FEATURE_GROUPS"
yaml_only__$low/$close,$low/$close,yaml_only,raw,qlib_expression,,,point_in_time,False,alpha_v1_clean_132,,active,"YAML-only feature, not registered in FEATURE_GROUPS"
yaml_only__$net_inflow,$net_inflow,yaml_only,raw,qlib_bar,,,point_in_time,False,alpha_v1_clean_132,,active,"YAML-only feature, not registered in FEATURE_GROUPS"
yaml_only__$op_cashflow,$op_cashflow,yaml_only,raw,fina_indicator,,,point_in_time,False,value_growth_60d_v3a_full_plus_structured_pv_features,,active,"YAML-only feature, not registered in FEATURE_GROUPS"
yaml_only__$open,$open,yaml_only,raw,qlib_bar,,,point_in_time,False,alpha_v1_clean_132,,active,"YAML-only feature, not registered in FEATURE_GROUPS"
yaml_only__$pb,$pb,yaml_only,raw,fina_indicator,,,point_in_time,False,value_growth_60d_v3a_full_plus_structured_pv_features,,active,"YAML-only feature, not registered in FEATURE_GROUPS"
yaml_only__$pe,$pe,yaml_only,raw,fina_indicator,,,point_in_time,False,value_growth_60d_v3a_full_plus_structured_pv_features,,active,"YAML-only feature, not registered in FEATURE_GROUPS"
yaml_only__$roe,$roe,yaml_only,raw,fina_indicator,,,point_in_time,False,value_growth_60d_v3a_full_plus_structured_pv_features,,active,"YAML-only feature, not registered in FEATURE_GROUPS"
yaml_only__$total_assets,$total_assets,yaml_only,raw,fina_indicator,,,point_in_time,False,alpha_v1_clean_132,,active,"YAML-only feature, not registered in FEATURE_GROUPS"
yaml_only__$total_mv,$total_mv,yaml_only,raw,qlib_bar,,,point_in_time,False,alpha_v1_clean_132,,active,"YAML-only feature, not registered in FEATURE_GROUPS"
yaml_only__$turnover_rate,$turnover_rate,yaml_only,raw,qlib_expression,,,point_in_time,False,momentum_price_volume_v1,,active,"YAML-only feature, not registered in FEATURE_GROUPS"
yaml_only__$vwap,$vwap,yaml_only,raw,qlib_bar,,,point_in_time,False,alpha_v1_clean_132,,active,"YAML-only feature, not registered in FEATURE_GROUPS"
yaml_only__$vwap/$close,$vwap/$close,yaml_only,raw,qlib_expression,,,point_in_time,False,alpha_v1_clean_132,,active,"YAML-only feature, not registered in FEATURE_GROUPS"
yaml_only__($close - $open) / $open,($close - $open) / $open,yaml_only,raw,qlib_expression,,,rolling_past,False,momentum_price_volume_v1,,active,"YAML-only feature, not registered in FEATURE_GROUPS"
yaml_only__($close-$open)/($high-$low+1e-12),($close-$open)/($high-$low+1e-12),yaml_only,raw,qlib_expression,,,rolling_past,False,alpha_v1_clean_132,,active,"YAML-only feature, not registered in FEATURE_GROUPS"
yaml_only__($high-$low)/$open,($high-$low)/$open,yaml_only,raw,qlib_expression,,,rolling_past,False,alpha_v1_clean_132,,active,"YAML-only feature, not registered in FEATURE_GROUPS"
"yaml_only__($high-Greater($open, $close))/$open","($high-Greater($open, $close))/$open",yaml_only,raw,qlib_expression,,,rolling_past,False,alpha_v1_clean_132,,active,"YAML-only feature, not registered in FEATURE_GROUPS"
"yaml_only__($high-Greater($open, $close))/($high-$low+1e-12)","($high-Greater($open, $close))/($high-$low+1e-12)",yaml_only,raw,qlib_expression,,,rolling_past,False,alpha_v1_clean_132,,active,"YAML-only feature, not registered in FEATURE_GROUPS"
yaml_only__(2*$close-$high-$low)/$open,(2*$close-$high-$low)/$open,yaml_only,raw,qlib_expression,,,rolling_past,False,alpha_v1_clean_132,,active,"YAML-only feature, not registered in FEATURE_GROUPS"
yaml_only__(2*$close-$high-$low)/($high-$low+1e-12),(2*$close-$high-$low)/($high-$low+1e-12),yaml_only,raw,qlib_expression,,,rolling_past,False,alpha_v1_clean_132,,active,"YAML-only feature, not registered in FEATURE_GROUPS"
"yaml_only__(Less($open, $close)-$low)/$open","(Less($open, $close)-$low)/$open",yaml_only,raw,qlib_expression,,,rolling_past,False,alpha_v1_clean_132,,active,"YAML-only feature, not registered in FEATURE_GROUPS"
"yaml_only__(Less($open, $close)-$low)/($high-$low+1e-12)","(Less($open, $close)-$low)/($high-$low+1e-12)",yaml_only,raw,qlib_expression,,,rolling_past,False,alpha_v1_clean_132,,active,"YAML-only feature, not registered in FEATURE_GROUPS"
"yaml_only__(Sum(Greater($close-Ref($close, 1), 0), 10)-Sum(Greater(Ref($close, 1)-$close, 0), 10))/(Sum(Abs($close-Ref($close, 1)), 10)+1e-12)","(Sum(Greater($close-Ref($close, 1), 0), 10)-Sum(Greater(Ref($close, 1)-$close, 0), 10))/(Sum(Abs($close-Ref($close, 1)), 10)+1e-12)",yaml_only,raw,qlib_expression,,,rolling_past,False,alpha_v1_clean_132,,active,"YAML-only feature, not registered in FEATURE_GROUPS"
"yaml_only__(Sum(Greater($close-Ref($close, 1), 0), 20)-Sum(Greater(Ref($close, 1)-$close, 0), 20))/(Sum(Abs($close-Ref($close, 1)), 20)+1e-12)","(Sum(Greater($close-Ref($close, 1), 0), 20)-Sum(Greater(Ref($close, 1)-$close, 0), 20))/(Sum(Abs($close-Ref($close, 1)), 20)+1e-12)",yaml_only,raw,qlib_expression,,,rolling_past,False,alpha_v1_clean_132,,active,"YAML-only feature, not registered in FEATURE_GROUPS"
"yaml_only__(Sum(Greater($close-Ref($close, 1), 0), 30)-Sum(Greater(Ref($close, 1)-$close, 0), 30))/(Sum(Abs($close-Ref($close, 1)), 30)+1e-12)","(Sum(Greater($close-Ref($close, 1), 0), 30)-Sum(Greater(Ref($close, 1)-$close, 0), 30))/(Sum(Abs($close-Ref($close, 1)), 30)+1e-12)",yaml_only,raw,qlib_expression,,,rolling_past,False,alpha_v1_clean_132,,active,"YAML-only feature, not registered in FEATURE_GROUPS"
"yaml_only__(Sum(Greater($close-Ref($close, 1), 0), 5)-Sum(Greater(Ref($close, 1)-$close, 0), 5))/(Sum(Abs($close-Ref($close, 1)), 5)+1e-12)","(Sum(Greater($close-Ref($close, 1), 0), 5)-Sum(Greater(Ref($close, 1)-$close, 0), 5))/(Sum(Abs($close-Ref($close, 1)), 5)+1e-12)",yaml_only,raw,qlib_expression,,,rolling_past,False,alpha_v1_clean_132,,active,"YAML-only feature, not registered in FEATURE_GROUPS"
"yaml_only__(Sum(Greater($close-Ref($close, 1), 0), 60)-Sum(Greater(Ref($close, 1)-$close, 0), 60))/(Sum(Abs($close-Ref($close, 1)), 60)+1e-12)","(Sum(Greater($close-Ref($close, 1), 0), 60)-Sum(Greater(Ref($close, 1)-$close, 0), 60))/(Sum(Abs($close-Ref($close, 1)), 60)+1e-12)",yaml_only,raw,qlib_expression,,,rolling_past,False,alpha_v1_clean_132,,active,"YAML-only feature, not registered in FEATURE_GROUPS"
"yaml_only__Mean($close, 10)/$close","Mean($close, 10)/$close",yaml_only,raw,qlib_expression,,,rolling_past,False,alpha_v1_clean_132,,active,"YAML-only feature, not registered in FEATURE_GROUPS"
"yaml_only__Mean($close, 20)/$close","Mean($close, 20)/$close",yaml_only,raw,qlib_expression,,,rolling_past,False,alpha_v1_clean_132,,active,"YAML-only feature, not registered in FEATURE_GROUPS"
"yaml_only__Mean($close, 30)/$close","Mean($close, 30)/$close",yaml_only,raw,qlib_expression,,,rolling_past,False,alpha_v1_clean_132,,active,"YAML-only feature, not registered in FEATURE_GROUPS"
"yaml_only__Mean($close, 5)/$close","Mean($close, 5)/$close",yaml_only,raw,qlib_expression,,,rolling_past,False,alpha_v1_clean_132,,active,"YAML-only feature, not registered in FEATURE_GROUPS"
"yaml_only__Mean($close, 60)/$close","Mean($close, 60)/$close",yaml_only,raw,qlib_expression,,,rolling_past,False,alpha_v1_clean_132,,active,"YAML-only feature, not registered in FEATURE_GROUPS"
"yaml_only__Mean($close<Ref($close, 1), 10)","Mean($close<Ref($close, 1), 10)",yaml_only,raw,qlib_expression,,,rolling_past,False,alpha_v1_clean_132,,active,"YAML-only feature, not registered in FEATURE_GROUPS"
"yaml_only__Mean($close<Ref($close, 1), 20)","Mean($close<Ref($close, 1), 20)",yaml_only,raw,qlib_expression,,,rolling_past,False,alpha_v1_clean_132,,active,"YAML-only feature, not registered in FEATURE_GROUPS"
"yaml_only__Mean($close<Ref($close, 1), 30)","Mean($close<Ref($close, 1), 30)",yaml_only,raw,qlib_expression,,,rolling_past,False,alpha_v1_clean_132,,active,"YAML-only feature, not registered in FEATURE_GROUPS"
"yaml_only__Mean($close<Ref($close, 1), 5)","Mean($close<Ref($close, 1), 5)",yaml_only,raw,qlib_expression,,,rolling_past,False,alpha_v1_clean_132,,active,"YAML-only feature, not registered in FEATURE_GROUPS"
"yaml_only__Mean($close<Ref($close, 1), 60)","Mean($close<Ref($close, 1), 60)",yaml_only,raw,qlib_expression,,,rolling_past,False,alpha_v1_clean_132,,active,"YAML-only feature, not registered in FEATURE_GROUPS"
"yaml_only__Mean($close>Ref($close, 1), 10)","Mean($close>Ref($close, 1), 10)",yaml_only,raw,qlib_expression,,,rolling_past,False,alpha_v1_clean_132,,active,"YAML-only feature, not registered in FEATURE_GROUPS"
"yaml_only__Mean($close>Ref($close, 1), 10)-Mean($close<Ref($close, 1), 10)","Mean($close>Ref($close, 1), 10)-Mean($close<Ref($close, 1), 10)",yaml_only,raw,qlib_expression,,,rolling_past,False,alpha_v1_clean_132,,active,"YAML-only feature, not registered in FEATURE_GROUPS"
"yaml_only__Mean($close>Ref($close, 1), 20)","Mean($close>Ref($close, 1), 20)",yaml_only,raw,qlib_expression,,,rolling_past,False,alpha_v1_clean_132,,active,"YAML-only feature, not registered in FEATURE_GROUPS"
"yaml_only__Mean($close>Ref($close, 1), 20)-Mean($close<Ref($close, 1), 20)","Mean($close>Ref($close, 1), 20)-Mean($close<Ref($close, 1), 20)",yaml_only,raw,qlib_expression,,,rolling_past,False,alpha_v1_clean_132,,active,"YAML-only feature, not registered in FEATURE_GROUPS"
"yaml_only__Mean($close>Ref($close, 1), 30)","Mean($close>Ref($close, 1), 30)",yaml_only,raw,qlib_expression,,,rolling_past,False,alpha_v1_clean_132,,active,"YAML-only feature, not registered in FEATURE_GROUPS"
"yaml_only__Mean($close>Ref($close, 1), 30)-Mean($close<Ref($close, 1), 30)","Mean($close>Ref($close, 1), 30)-Mean($close<Ref($close, 1), 30)",yaml_only,raw,qlib_expression,,,rolling_past,False,alpha_v1_clean_132,,active,"YAML-only feature, not registered in FEATURE_GROUPS"
"yaml_only__Mean($close>Ref($close, 1), 5)","Mean($close>Ref($close, 1), 5)",yaml_only,raw,qlib_expression,,,rolling_past,False,alpha_v1_clean_132,,active,"YAML-only feature, not registered in FEATURE_GROUPS"
"yaml_only__Mean($close>Ref($close, 1), 5)-Mean($close<Ref($close, 1), 5)","Mean($close>Ref($close, 1), 5)-Mean($close<Ref($close, 1), 5)",yaml_only,raw,qlib_expression,,,rolling_past,False,alpha_v1_clean_132,,active,"YAML-only feature, not registered in FEATURE_GROUPS"
"yaml_only__Mean($close>Ref($close, 1), 60)","Mean($close>Ref($close, 1), 60)",yaml_only,raw,qlib_expression,,,rolling_past,False,alpha_v1_clean_132,,active,"YAML-only feature, not registered in FEATURE_GROUPS"
"yaml_only__Mean($close>Ref($close, 1), 60)-Mean($close<Ref($close, 1), 60)","Mean($close>Ref($close, 1), 60)-Mean($close<Ref($close, 1), 60)",yaml_only,raw,qlib_expression,,,rolling_past,False,alpha_v1_clean_132,,active,"YAML-only feature, not registered in FEATURE_GROUPS"
"yaml_only__Rank($close, 10)","Rank($close, 10)",yaml_only,raw,qlib_expression,,,rolling_past,False,alpha_v1_clean_132,,active,"YAML-only feature, not registered in FEATURE_GROUPS"
"yaml_only__Rank($close, 20)","Rank($close, 20)",yaml_only,raw,qlib_expression,,,rolling_past,False,alpha_v1_clean_132,,active,"YAML-only feature, not registered in FEATURE_GROUPS"
"yaml_only__Rank($close, 30)","Rank($close, 30)",yaml_only,raw,qlib_expression,,,rolling_past,False,alpha_v1_clean_132,,active,"YAML-only feature, not registered in FEATURE_GROUPS"
"yaml_only__Rank($close, 5)","Rank($close, 5)",yaml_only,raw,qlib_expression,,,rolling_past,False,alpha_v1_clean_132,,active,"YAML-only feature, not registered in FEATURE_GROUPS"
"yaml_only__Rank($close, 60)","Rank($close, 60)",yaml_only,raw,qlib_expression,,,rolling_past,False,alpha_v1_clean_132,,active,"YAML-only feature, not registered in FEATURE_GROUPS"
"yaml_only__Ref($close, 10)/$close","Ref($close, 10)/$close",yaml_only,raw,qlib_expression,,,rolling_past,False,alpha_v1_clean_132,,active,"YAML-only feature, not registered in FEATURE_GROUPS"
"yaml_only__Ref($close, 20) / $close - 1","Ref($close, 20) / $close - 1",yaml_only,raw,qlib_expression,,,rolling_past,False,momentum_price_volume_v1,,active,"YAML-only feature, not registered in FEATURE_GROUPS"
"yaml_only__Ref($close, 20)/$close","Ref($close, 20)/$close",yaml_only,raw,qlib_expression,,,rolling_past,False,alpha_v1_clean_132,,active,"YAML-only feature, not registered in FEATURE_GROUPS"
"yaml_only__Ref($close, 30)/$close","Ref($close, 30)/$close",yaml_only,raw,qlib_expression,,,rolling_past,False,alpha_v1_clean_132,,active,"YAML-only feature, not registered in FEATURE_GROUPS"
"yaml_only__Ref($close, 5) / $close - 1","Ref($close, 5) / $close - 1",yaml_only,raw,qlib_expression,,,rolling_past,False,momentum_price_volume_v1,,active,"YAML-only feature, not registered in FEATURE_GROUPS"
"yaml_only__Ref($close, 5)/$close","Ref($close, 5)/$close",yaml_only,raw,qlib_expression,,,rolling_past,False,alpha_v1_clean_132,,active,"YAML-only feature, not registered in FEATURE_GROUPS"
"yaml_only__Ref($close, 60)/$close","Ref($close, 60)/$close",yaml_only,raw,qlib_expression,,,rolling_past,False,alpha_v1_clean_132,,active,"YAML-only feature, not registered in FEATURE_GROUPS"
"yaml_only__Resi($close, 10)/$close","Resi($close, 10)/$close",yaml_only,raw,qlib_expression,,,rolling_past,False,alpha_v1_clean_132,,active,"YAML-only feature, not registered in FEATURE_GROUPS"
"yaml_only__Resi($close, 20)/$close","Resi($close, 20)/$close",yaml_only,raw,qlib_expression,,,rolling_past,False,alpha_v1_clean_132,,active,"YAML-only feature, not registered in FEATURE_GROUPS"
"yaml_only__Resi($close, 30)/$close","Resi($close, 30)/$close",yaml_only,raw,qlib_expression,,,rolling_past,False,alpha_v1_clean_132,,active,"YAML-only feature, not registered in FEATURE_GROUPS"
"yaml_only__Resi($close, 5)/$close","Resi($close, 5)/$close",yaml_only,raw,qlib_expression,,,rolling_past,False,alpha_v1_clean_132,,active,"YAML-only feature, not registered in FEATURE_GROUPS"
"yaml_only__Resi($close, 60)/$close","Resi($close, 60)/$close",yaml_only,raw,qlib_expression,,,rolling_past,False,alpha_v1_clean_132,,active,"YAML-only feature, not registered in FEATURE_GROUPS"
"yaml_only__Rsquare($close, 10)","Rsquare($close, 10)",yaml_only,raw,qlib_expression,,,rolling_past,False,alpha_v1_clean_132,,active,"YAML-only feature, not registered in FEATURE_GROUPS"
"yaml_only__Rsquare($close, 20)","Rsquare($close, 20)",yaml_only,raw,qlib_expression,,,rolling_past,False,alpha_v1_clean_132,,active,"YAML-only feature, not registered in FEATURE_GROUPS"
"yaml_only__Rsquare($close, 30)","Rsquare($close, 30)",yaml_only,raw,qlib_expression,,,rolling_past,False,alpha_v1_clean_132,,active,"YAML-only feature, not registered in FEATURE_GROUPS"
"yaml_only__Rsquare($close, 5)","Rsquare($close, 5)",yaml_only,raw,qlib_expression,,,rolling_past,False,alpha_v1_clean_132,,active,"YAML-only feature, not registered in FEATURE_GROUPS"
"yaml_only__Rsquare($close, 60)","Rsquare($close, 60)",yaml_only,raw,qlib_expression,,,rolling_past,False,alpha_v1_clean_132,,active,"YAML-only feature, not registered in FEATURE_GROUPS"
"yaml_only__Slope($close, 10)/$close","Slope($close, 10)/$close",yaml_only,raw,qlib_expression,,,rolling_past,False,alpha_v1_clean_132,,active,"YAML-only feature, not registered in FEATURE_GROUPS"
"yaml_only__Slope($close, 20)/$close","Slope($close, 20)/$close",yaml_only,raw,qlib_expression,,,rolling_past,False,alpha_v1_clean_132,,active,"YAML-only feature, not registered in FEATURE_GROUPS"
"yaml_only__Slope($close, 30)/$close","Slope($close, 30)/$close",yaml_only,raw,qlib_expression,,,rolling_past,False,alpha_v1_clean_132,,active,"YAML-only feature, not registered in FEATURE_GROUPS"
"yaml_only__Slope($close, 5)/$close","Slope($close, 5)/$close",yaml_only,raw,qlib_expression,,,rolling_past,False,alpha_v1_clean_132,,active,"YAML-only feature, not registered in FEATURE_GROUPS"
"yaml_only__Slope($close, 60)/$close","Slope($close, 60)/$close",yaml_only,raw,qlib_expression,,,rolling_past,False,alpha_v1_clean_132,,active,"YAML-only feature, not registered in FEATURE_GROUPS"
"yaml_only__Std($close, 10)/$close","Std($close, 10)/$close",yaml_only,raw,qlib_expression,,,rolling_past,False,alpha_v1_clean_132,,active,"YAML-only feature, not registered in FEATURE_GROUPS"
"yaml_only__Std($close, 20)/$close","Std($close, 20)/$close",yaml_only,raw,qlib_expression,,,rolling_past,False,alpha_v1_clean_132,,active,"YAML-only feature, not registered in FEATURE_GROUPS"
"yaml_only__Std($close, 30)/$close","Std($close, 30)/$close",yaml_only,raw,qlib_expression,,,rolling_past,False,alpha_v1_clean_132,,active,"YAML-only feature, not registered in FEATURE_GROUPS"
"yaml_only__Std($close, 5)/$close","Std($close, 5)/$close",yaml_only,raw,qlib_expression,,,rolling_past,False,alpha_v1_clean_132,,active,"YAML-only feature, not registered in FEATURE_GROUPS"
"yaml_only__Std($close, 60)/$close","Std($close, 60)/$close",yaml_only,raw,qlib_expression,,,rolling_past,False,alpha_v1_clean_132,,active,"YAML-only feature, not registered in FEATURE_GROUPS"
"yaml_only__Std($volume, 5) / Mean($volume, 5)","Std($volume, 5) / Mean($volume, 5)",yaml_only,raw,qlib_expression,,,rolling_past,False,momentum_price_volume_v1,,active,"YAML-only feature, not registered in FEATURE_GROUPS"
"yaml_only__Sum(Greater($close-Ref($close, 1), 0), 10)/(Sum(Abs($close-Ref($close, 1)), 10)+1e-12)","Sum(Greater($close-Ref($close, 1), 0), 10)/(Sum(Abs($close-Ref($close, 1)), 10)+1e-12)",yaml_only,raw,qlib_expression,,,rolling_past,False,alpha_v1_clean_132,,active,"YAML-only feature, not registered in FEATURE_GROUPS"
"yaml_only__Sum(Greater($close-Ref($close, 1), 0), 20)/(Sum(Abs($close-Ref($close, 1)), 20)+1e-12)","Sum(Greater($close-Ref($close, 1), 0), 20)/(Sum(Abs($close-Ref($close, 1)), 20)+1e-12)",yaml_only,raw,qlib_expression,,,rolling_past,False,alpha_v1_clean_132,,active,"YAML-only feature, not registered in FEATURE_GROUPS"
"yaml_only__Sum(Greater($close-Ref($close, 1), 0), 30)/(Sum(Abs($close-Ref($close, 1)), 30)+1e-12)","Sum(Greater($close-Ref($close, 1), 0), 30)/(Sum(Abs($close-Ref($close, 1)), 30)+1e-12)",yaml_only,raw,qlib_expression,,,rolling_past,False,alpha_v1_clean_132,,active,"YAML-only feature, not registered in FEATURE_GROUPS"
"yaml_only__Sum(Greater($close-Ref($close, 1), 0), 5)/(Sum(Abs($close-Ref($close, 1)), 5)+1e-12)","Sum(Greater($close-Ref($close, 1), 0), 5)/(Sum(Abs($close-Ref($close, 1)), 5)+1e-12)",yaml_only,raw,qlib_expression,,,rolling_past,False,alpha_v1_clean_132,,active,"YAML-only feature, not registered in FEATURE_GROUPS"
"yaml_only__Sum(Greater($close-Ref($close, 1), 0), 60)/(Sum(Abs($close-Ref($close, 1)), 60)+1e-12)","Sum(Greater($close-Ref($close, 1), 0), 60)/(Sum(Abs($close-Ref($close, 1)), 60)+1e-12)",yaml_only,raw,qlib_expression,,,rolling_past,False,alpha_v1_clean_132,,active,"YAML-only feature, not registered in FEATURE_GROUPS"
"yaml_only__Sum(Greater(Ref($close, 1)-$close, 0), 10)/(Sum(Abs($close-Ref($close, 1)), 10)+1e-12)","Sum(Greater(Ref($close, 1)-$close, 0), 10)/(Sum(Abs($close-Ref($close, 1)), 10)+1e-12)",yaml_only,raw,qlib_expression,,,rolling_past,False,alpha_v1_clean_132,,active,"YAML-only feature, not registered in FEATURE_GROUPS"
"yaml_only__Sum(Greater(Ref($close, 1)-$close, 0), 20)/(Sum(Abs($close-Ref($close, 1)), 20)+1e-12)","Sum(Greater(Ref($close, 1)-$close, 0), 20)/(Sum(Abs($close-Ref($close, 1)), 20)+1e-12)",yaml_only,raw,qlib_expression,,,rolling_past,False,alpha_v1_clean_132,,active,"YAML-only feature, not registered in FEATURE_GROUPS"
"yaml_only__Sum(Greater(Ref($close, 1)-$close, 0), 30)/(Sum(Abs($close-Ref($close, 1)), 30)+1e-12)","Sum(Greater(Ref($close, 1)-$close, 0), 30)/(Sum(Abs($close-Ref($close, 1)), 30)+1e-12)",yaml_only,raw,qlib_expression,,,rolling_past,False,alpha_v1_clean_132,,active,"YAML-only feature, not registered in FEATURE_GROUPS"
"yaml_only__Sum(Greater(Ref($close, 1)-$close, 0), 5)/(Sum(Abs($close-Ref($close, 1)), 5)+1e-12)","Sum(Greater(Ref($close, 1)-$close, 0), 5)/(Sum(Abs($close-Ref($close, 1)), 5)+1e-12)",yaml_only,raw,qlib_expression,,,rolling_past,False,alpha_v1_clean_132,,active,"YAML-only feature, not registered in FEATURE_GROUPS"
"yaml_only__Sum(Greater(Ref($close, 1)-$close, 0), 60)/(Sum(Abs($close-Ref($close, 1)), 60)+1e-12)","Sum(Greater(Ref($close, 1)-$close, 0), 60)/(Sum(Abs($close-Ref($close, 1)), 60)+1e-12)",yaml_only,raw,qlib_expression,,,rolling_past,False,alpha_v1_clean_132,,active,"YAML-only feature, not registered in FEATURE_GROUPS"
industry_momentum__industry_breadth_20d,industry_breadth_20d,industry_momentum,derived,,,groups.industry_momentum_features.build_industry_momentum_features,industry,True,value_growth_v3a_plus_industry_momentum_features,industry_momentum,experimental,
industry_momentum__industry_breadth_60d,industry_breadth_60d,industry_momentum,derived,,,groups.industry_momentum_features.build_industry_momentum_features,industry,True,value_growth_v3a_plus_industry_momentum_features,industry_momentum,experimental,
industry_momentum__industry_new_high_ratio,industry_new_high_ratio,industry_momentum,derived,,,groups.industry_momentum_features.build_industry_momentum_features,industry,True,value_growth_v3a_plus_industry_momentum_features,industry_momentum,experimental,
industry_momentum__industry_ret_120d,industry_ret_120d,industry_momentum,derived,,,groups.industry_momentum_features.build_industry_momentum_features,industry,True,value_growth_v3a_plus_industry_momentum_features,industry_momentum,experimental,
industry_momentum__industry_ret_20d,industry_ret_20d,industry_momentum,derived,,,groups.industry_momentum_features.build_industry_momentum_features,industry,False,value_growth_v3a_plus_industry_momentum_features,industry_momentum,experimental,
industry_momentum__industry_ret_60d,industry_ret_60d,industry_momentum,derived,,,groups.industry_momentum_features.build_industry_momentum_features,industry,True,value_growth_v3a_plus_industry_momentum_features,industry_momentum,experimental,
industry_momentum__industry_top_stock_momentum,industry_top_stock_momentum,industry_momentum,derived,,,groups.industry_momentum_features.build_industry_momentum_features,industry,True,value_growth_v3a_plus_industry_momentum_features,industry_momentum,experimental,
industry_momentum__industry_volume_expansion,industry_volume_expansion,industry_momentum,derived,,,groups.industry_momentum_features.build_industry_momentum_features,industry,True,value_growth_v3a_plus_industry_momentum_features,industry_momentum,experimental,
industry_momentum__stock_industry_ret_corr_60d,stock_industry_ret_corr_60d,industry_momentum,derived,,,groups.industry_momentum_features.build_industry_momentum_features,industry,True,value_growth_v3a_plus_industry_momentum_features,industry_momentum,experimental,
industry_momentum__stock_minus_industry_ret_20d,stock_minus_industry_ret_20d,industry_momentum,derived,,,groups.industry_momentum_features.build_industry_momentum_features,industry,False,value_growth_v3a_plus_industry_momentum_features,industry_momentum,experimental,
industry_momentum__stock_minus_industry_ret_60d,stock_minus_industry_ret_60d,industry_momentum,derived,,,groups.industry_momentum_features.build_industry_momentum_features,industry,True,value_growth_v3a_plus_industry_momentum_features,industry_momentum,experimental,
