set,trade_date,name,instrument,industry,score,ret,liq_diff,amount_log,rps_60d,price_percentile_252d,ret_60d
high_score_bad_false_positive,2020-12-04,中公教育,002607.SZ,文教休闲,2.13,-0.728,-0.31,19.56,0.529,0.901,0.006
high_score_bad_false_positive,2021-01-25,中公教育,002607.SZ,文教休闲,2.22,-0.728,-0.41,21.01,0.294,0.893,-0.033
high_score_bad_false_positive,2021-01-26,中公教育,002607.SZ,文教休闲,2.4,-0.718,-0.39,20.43,0.084,0.798,-0.142
high_score_bad_false_positive,2020-12-03,中公教育,002607.SZ,文教休闲,2.06,-0.714,-0.31,20.03,0.645,0.881,0.043
high_score_bad_false_positive,2020-12-09,中公教育,002607.SZ,文教休闲,2.03,-0.71,-0.5,19.31,0.724,0.853,0.084
high_score_bad_false_positive,2021-01-22,中公教育,002607.SZ,文教休闲,2.35,-0.707,-0.41,20.7,0.256,0.845,-0.052
high_score_bad_false_positive,2020-12-11,中公教育,002607.SZ,文教休闲,2.01,-0.699,-0.38,19.91,0.718,0.865,0.117
high_score_bad_false_positive,2020-12-02,中公教育,002607.SZ,文教休闲,2.24,-0.697,-0.25,20.01,0.637,0.841,0.042
high_score_bad_false_positive,2020-12-15,中公教育,002607.SZ,文教休闲,1.95,-0.688,-0.42,19.51,0.766,0.901,0.143
high_score_bad_false_positive,2021-01-05,中公教育,002607.SZ,文教休闲,2.53,-0.685,-0.53,20.41,0.626,0.694,0.074
high_score_bad_false_positive,2021-01-04,中公教育,002607.SZ,文教休闲,2.5,-0.684,-0.53,20.43,0.552,0.69,0.053
high_score_bad_false_positive,2020-12-28,中公教育,002607.SZ,文教休闲,1.89,-0.682,-0.51,19.61,0.777,0.871,0.205
high_score_bad_false_positive,2021-01-08,中公教育,002607.SZ,文教休闲,2.57,-0.682,-0.5,20.26,0.308,0.694,-0.055
high_score_bad_false_positive,2020-12-25,中公教育,002607.SZ,文教休闲,2.33,-0.681,-0.26,19.36,0.758,0.861,0.182
high_score_bad_false_positive,2020-12-31,中公教育,002607.SZ,文教休闲,2.41,-0.678,-0.49,20.06,0.573,0.718,0.077
high_score_bad_false_positive,2020-12-30,中公教育,002607.SZ,文教休闲,2.38,-0.676,-0.47,20.52,0.551,0.69,0.04
high_score_bad_false_positive,2021-01-20,中公教育,002607.SZ,文教休闲,2.37,-0.676,-0.66,20.58,0.181,0.702,-0.081
high_score_bad_false_positive,2021-01-21,中公教育,002607.SZ,文教休闲,2.49,-0.674,-0.52,20.32,0.114,0.659,-0.123
high_score_bad_false_positive,2021-07-29,恒玄科技,688608.SH,半导体,2.32,-0.674,1.0,19.9,0.793,0.854,0.21
high_score_bad_false_positive,2021-07-27,恒玄科技,688608.SH,半导体,2.55,-0.673,1.57,20.28,0.754,0.725,0.141
high_score_flat_weak,2022-10-11,格科微,688728.SH,半导体,3.52,0.048,3.82,16.72,0.247,0.012,-0.195
high_score_flat_weak,2023-05-10,双林股份,300100.SZ,汽车配件,3.5,0.067,-0.08,17.37,0.251,0.099,-0.132
high_score_flat_weak,2023-05-05,圣泉集团,605589.SH,化工原料,3.5,0.069,1.73,19.02,0.155,0.171,-0.175
high_score_flat_weak,2023-05-04,恒玄科技,688608.SH,半导体,3.45,0.008,3.36,19.02,0.246,0.274,-0.121
high_score_flat_weak,2024-04-10,华大基因,300676.SZ,医疗保健,3.44,0.005,0.28,18.04,0.157,0.028,-0.136
high_score_flat_weak,2024-04-10,扬农化工,600486.SH,农药化肥,3.44,0.042,2.56,18.42,0.185,0.171,-0.114
high_score_flat_weak,2022-11-11,翱捷科技-U,688220.SH,半导体,3.42,0.076,4.07,17.33,0.435,0.588,-0.071
high_score_flat_weak,2022-11-10,翱捷科技-U,688220.SH,半导体,3.42,0.097,4.13,17.02,0.443,0.54,-0.067
high_score_flat_weak,2022-11-09,翱捷科技-U,688220.SH,半导体,3.42,0.087,3.87,16.81,0.404,0.576,-0.079
high_score_flat_weak,2022-09-23,格科微,688728.SH,半导体,3.41,0.018,3.91,17.16,0.105,0.004,-0.242
high_score_flat_weak,2022-11-14,翱捷科技-U,688220.SH,半导体,3.4,0.087,4.36,17.23,0.508,0.505,-0.054
high_score_flat_weak,2024-05-14,华测检测,300012.SZ,电器仪表,3.37,0.043,1.39,18.53,0.176,0.107,0.074
high_score_flat_weak,2024-04-16,东方雨虹,002271.SZ,其他建材,3.35,0.012,0.47,20.26,0.048,0.004,-0.245
high_score_flat_weak,2024-05-16,华测检测,300012.SZ,电器仪表,3.35,0.063,1.49,18.43,0.057,0.075,-0.111
high_score_flat_weak,2024-04-03,华大基因,300676.SZ,医疗保健,3.34,0.063,0.2,18.19,0.165,0.038,-0.138
high_score_flat_weak,2024-04-03,扬农化工,600486.SH,农药化肥,3.34,0.054,2.34,18.65,0.2,0.179,-0.111
high_score_flat_weak,2024-05-13,华测检测,300012.SZ,电器仪表,3.34,0.05,1.93,18.62,0.357,0.111,0.125
high_score_flat_weak,2023-05-31,双林股份,300100.SZ,汽车配件,3.33,0.029,0.34,17.23,0.443,0.171,-0.076
high_score_flat_weak,2023-04-26,兆威机电,003021.SZ,元器件,3.33,0.001,3.77,19.21,0.883,0.913,0.243
high_score_flat_weak,2023-04-24,长盛轴承,300718.SZ,机械基件,3.33,0.023,0.02,17.85,0.022,0.222,-0.281
high_score_big_win,2021-07-16,九安医疗,002432.SZ,医疗保健,1.74,10.11,0.09,17.16,0.136,0.016,-0.164
high_score_big_win,2021-07-19,九安医疗,002432.SZ,医疗保健,1.86,10.067,0.17,17.06,0.16,0.022,-0.143
high_score_big_win,2021-07-22,九安医疗,002432.SZ,医疗保健,1.67,9.959,-0.08,17.03,0.085,0.018,-0.202
high_score_big_win,2021-07-20,九安医疗,002432.SZ,医疗保健,1.76,9.881,0.1,17.4,0.135,0.06,-0.165
high_score_big_win,2021-07-21,九安医疗,002432.SZ,医疗保健,1.94,9.159,0.26,17.04,0.135,0.046,-0.161
high_score_big_win,2024-06-06,长盛轴承,300718.SZ,机械基件,2.71,7.353,-0.46,18.55,0.1,0.02,-0.166
high_score_big_win,2024-06-05,长盛轴承,300718.SZ,机械基件,3.13,6.866,-0.02,17.59,0.19,0.032,-0.114
high_score_big_win,2024-05-24,长盛轴承,300718.SZ,机械基件,3.17,6.705,0.03,17.41,0.282,0.046,-0.045
high_score_big_win,2024-05-28,长盛轴承,300718.SZ,机械基件,3.21,6.678,0.07,17.21,0.209,0.042,-0.099
high_score_big_win,2024-05-29,长盛轴承,300718.SZ,机械基件,3.13,6.582,-0.01,17.32,0.385,0.056,-0.008
high_score_big_win,2024-05-23,长盛轴承,300718.SZ,机械基件,3.18,6.553,0.04,17.71,0.37,0.05,0.0
high_score_big_win,2024-06-04,长盛轴承,300718.SZ,机械基件,2.82,6.458,-0.32,18.25,0.278,0.06,-0.076
high_score_big_win,2024-06-07,长盛轴承,300718.SZ,机械基件,3.11,6.428,-0.07,18.19,0.168,0.032,-0.139
high_score_big_win,2024-05-30,长盛轴承,300718.SZ,机械基件,3.21,6.166,0.06,17.11,0.365,0.067,-0.046
high_score_big_win,2024-06-12,长盛轴承,300718.SZ,机械基件,2.83,6.164,-0.35,18.37,0.25,0.101,-0.116
high_score_big_win,2024-05-27,长盛轴承,300718.SZ,机械基件,3.17,6.142,0.03,17.39,0.195,0.052,-0.068
high_score_big_win,2024-06-11,长盛轴承,300718.SZ,机械基件,2.68,6.032,-0.49,18.05,0.182,0.04,-0.14
high_score_big_win,2024-06-13,长盛轴承,300718.SZ,机械基件,2.54,5.875,-0.61,18.4,0.191,0.115,-0.146
high_score_big_win,2024-05-22,长盛轴承,300718.SZ,机械基件,2.93,5.804,-0.22,17.75,0.418,0.087,0.04
high_score_big_win,2024-06-03,长盛轴承,300718.SZ,机械基件,3.11,5.683,-0.04,17.95,0.279,0.083,-0.086
liq_boosted_bad,2021-07-29,恒玄科技,688608.SH,半导体,2.32,-0.674,1.0,19.9,0.793,0.854,0.21
liq_boosted_bad,2021-07-27,恒玄科技,688608.SH,半导体,2.55,-0.673,1.57,20.28,0.754,0.725,0.141
liq_boosted_bad,2021-08-02,恒玄科技,688608.SH,半导体,2.44,-0.663,1.17,19.87,0.796,0.869,0.281
liq_boosted_bad,2021-08-04,恒玄科技,688608.SH,半导体,2.45,-0.663,1.23,19.58,0.759,0.71,0.231
liq_boosted_bad,2021-07-30,恒玄科技,688608.SH,半导体,2.39,-0.65,1.37,19.81,0.718,0.737,0.129
liq_boosted_bad,2021-08-03,恒玄科技,688608.SH,半导体,2.15,-0.647,1.01,19.92,0.755,0.636,0.194
liq_boosted_bad,2021-08-19,捷佳伟创,300724.SZ,专用机械,1.82,-0.642,0.55,21.3,0.976,1.0,0.992
liq_boosted_bad,2021-08-05,恒玄科技,688608.SH,半导体,2.47,-0.636,1.11,19.27,0.764,0.679,0.226
liq_boosted_bad,2022-08-23,锦浪科技,300763.SZ,电气设备,1.95,-0.624,0.86,20.75,0.975,0.976,0.765
liq_boosted_bad,2021-08-23,兆威机电,003021.SZ,元器件,2.66,-0.622,1.06,18.35,0.844,0.892,0.326
liq_boosted_bad,2021-07-29,兆威机电,003021.SZ,元器件,3.1,-0.62,1.72,17.93,0.128,0.491,-0.206
liq_boosted_bad,2021-07-26,彤程新材,603650.SH,化工原料,2.16,-0.618,0.53,20.25,0.96,1.0,0.951
liq_boosted_bad,2021-08-04,惠泰医疗,688617.SH,医疗保健,1.82,-0.615,0.9,18.44,0.929,0.986,0.701
liq_boosted_bad,2021-07-27,兆威机电,003021.SZ,元器件,3.1,-0.615,2.5,18.47,0.178,0.344,-0.18
liq_boosted_bad,2021-08-13,兆威机电,003021.SZ,元器件,2.63,-0.611,1.08,18.7,0.857,0.882,0.378
liq_boosted_bad,2021-08-25,兆威机电,003021.SZ,元器件,2.36,-0.61,0.84,18.46,0.843,0.888,0.316
liq_boosted_bad,2021-08-06,恒玄科技,688608.SH,半导体,2.28,-0.608,0.91,19.31,0.756,0.618,0.226
liq_boosted_bad,2021-08-24,兆威机电,003021.SZ,元器件,2.33,-0.608,0.72,18.34,0.826,0.87,0.29
liq_boosted_bad,2021-08-12,兆威机电,003021.SZ,元器件,2.71,-0.608,1.03,18.63,0.838,0.84,0.334
liq_boosted_bad,2021-08-16,兆威机电,003021.SZ,元器件,3.11,-0.607,1.52,18.44,0.875,0.854,0.398
liq_boosted_big_win,2024-02-05,生益电子,688183.SH,元器件,3.11,5.097,1.96,18.01,0.009,0.004,-0.483
liq_boosted_big_win,2024-10-25,长盛轴承,300718.SZ,机械基件,3.01,4.7,0.5,19.0,0.762,0.776,0.333
liq_boosted_big_win,2024-02-06,生益电子,688183.SH,元器件,3.11,4.6,1.85,18.02,0.005,0.008,-0.47
liq_boosted_big_win,2024-09-23,长盛轴承,300718.SZ,机械基件,3.1,4.587,0.56,17.86,0.557,0.083,-0.063
liq_boosted_big_win,2024-02-07,生益电子,688183.SH,元器件,3.08,4.565,1.7,18.24,0.003,0.012,-0.476
liq_boosted_big_win,2024-02-05,海能达,002583.SZ,通信设备,3.11,4.461,0.51,18.97,0.105,0.004,-0.368
liq_boosted_big_win,2024-07-09,长盛轴承,300718.SZ,机械基件,3.23,4.43,0.53,17.47,0.14,0.02,-0.214
liq_boosted_big_win,2022-06-10,中航成飞,302132.SZ,航空,3.17,4.251,1.6,18.52,0.136,0.103,-0.167
liq_boosted_big_win,2024-02-07,海能达,002583.SZ,通信设备,3.08,4.249,0.66,18.98,0.074,0.016,-0.326
liq_boosted_big_win,2024-02-02,生益电子,688183.SH,元器件,3.1,4.214,1.75,17.71,0.025,0.004,-0.407
liq_boosted_big_win,2024-02-08,生益电子,688183.SH,元器件,3.1,4.13,1.7,18.28,0.004,0.016,-0.423
liq_boosted_big_win,2024-02-26,海能达,002583.SZ,通信设备,3.01,4.092,0.51,18.86,0.062,0.05,-0.245
liq_boosted_big_win,2024-02-06,海能达,002583.SZ,通信设备,3.11,4.085,0.82,18.77,0.077,0.008,-0.34
liq_boosted_big_win,2021-04-20,德业股份,605117.SH,电气设备,2.62,4.083,2.57,16.8,,,
liq_boosted_big_win,2025-08-04,协创数据,300857.SZ,IT设备,2.06,4.066,1.13,20.35,0.016,0.313,-0.26
liq_boosted_big_win,2024-03-06,宗申动力,001696.SZ,摩托车,2.44,4.061,0.6,18.66,0.217,0.099,-0.121
liq_boosted_big_win,2024-01-31,生益电子,688183.SH,元器件,3.13,3.938,1.77,17.63,0.061,0.004,-0.345
liq_boosted_big_win,2024-02-23,海能达,002583.SZ,通信设备,2.91,3.91,0.51,18.73,0.052,0.044,-0.25
liq_boosted_big_win,2022-06-15,中航成飞,302132.SZ,航空,3.17,3.885,1.59,18.66,0.09,0.079,-0.153
liq_boosted_big_win,2024-02-01,生益电子,688183.SH,元器件,3.11,3.874,1.8,17.54,0.046,0.004,-0.362
missed_super_win,2025-04-08,新易盛,300502.SZ,通信设备,-0.32,7.909,0.2,22.21,0.004,0.056,-0.393
missed_super_win,2025-04-09,新易盛,300502.SZ,通信设备,-0.2,7.602,0.23,21.88,0.004,0.06,-0.398
missed_super_win,2025-04-07,新易盛,300502.SZ,通信设备,-0.67,7.418,-0.02,21.83,0.009,0.079,-0.346
missed_super_win,2025-04-07,中际旭创,300308.SZ,通信设备,-0.26,7.271,-0.09,22.28,0.005,0.004,-0.385
missed_super_win,2021-04-27,九安医疗,002432.SZ,医疗保健,-0.14,7.184,-0.61,19.24,0.676,0.45,0.025
missed_super_win,2025-04-10,新易盛,300502.SZ,通信设备,-0.23,6.812,0.24,22.28,0.004,0.091,-0.36
missed_super_win,2024-12-20,胜宏科技,300476.SZ,元器件,-2.02,6.787,-0.54,20.78,0.887,0.933,0.653
missed_super_win,2024-12-23,胜宏科技,300476.SZ,元器件,-1.83,6.763,-0.59,20.91,0.875,0.873,0.591
missed_super_win,2024-12-18,胜宏科技,300476.SZ,元器件,-1.92,6.735,-0.67,20.85,0.86,0.917,0.584
missed_super_win,2025-04-17,中际旭创,300308.SZ,通信设备,-0.15,6.666,-0.38,21.09,0.011,0.02,-0.321
missed_super_win,2025-04-11,新易盛,300502.SZ,通信设备,-0.2,6.55,0.18,21.84,0.006,0.091,-0.336
missed_super_win,2024-12-17,胜宏科技,300476.SZ,元器件,-2.11,6.508,-0.77,21.26,0.884,0.948,0.609
missed_super_win,2025-04-14,新易盛,300502.SZ,通信设备,-0.31,6.486,0.22,21.9,0.008,0.091,-0.312
missed_super_win,2025-04-16,新易盛,300502.SZ,通信设备,-0.29,6.456,-0.01,21.51,0.006,0.075,-0.319
missed_super_win,2024-12-19,胜宏科技,300476.SZ,元器件,-1.96,6.446,-0.48,20.71,0.883,0.929,0.628
missed_super_win,2024-12-24,胜宏科技,300476.SZ,元器件,-2.14,6.436,-0.58,20.61,0.845,0.897,0.475
missed_super_win,2025-04-15,新易盛,300502.SZ,通信设备,-0.37,6.342,-0.07,21.35,0.011,0.087,-0.274
missed_super_win,2025-02-05,胜宏科技,300476.SZ,元器件,-1.57,6.283,-0.11,22.15,0.753,0.881,0.038
missed_super_win,2025-01-03,胜宏科技,300476.SZ,元器件,-1.34,6.233,-1.16,20.67,0.51,0.77,-0.055
missed_super_win,2024-12-25,胜宏科技,300476.SZ,元器件,-1.54,6.226,-0.58,20.78,0.874,0.909,0.518
