rule,type,trade_date,name,instrument,industry,score,ret,al_rank,pe_rank,pp,rps
R1: pe_rank>0.7,bad_case,2020-12-31,中公教育,002607.SZ,文教休闲,2.4100,-0.6780,1.0000,0.71,0.718,0.573
R1: pe_rank>0.7,bad_case,2021-01-13,中公教育,002607.SZ,文教休闲,2.7100,-0.6650,1.0000,0.754,0.754,0.348
R1: pe_rank>0.7,bad_case,2021-08-04,捷佳伟创,300724.SZ,专用机械,2.6700,-0.6120,1.0000,0.817,0.976,0.914
R1: pe_rank>0.7,bad_case,2021-07-28,兆威机电,003021.SZ,元器件,3.1300,-0.5930,0.8330,0.937,0.285,0.126
R1: pe_rank>0.7,bad_case,2023-02-20,锦江酒店,600754.SH,酒店餐饮,2.8200,-0.5060,1.0000,0.996,0.996,0.932
R1: pe_rank>0.7,big_win,2020-12-03,锦浪科技,300763.SZ,电气设备,1.7700,3.2490,1.0000,0.833,0.833,0.731
R1: pe_rank>0.7,big_win,2025-08-27,天华新能,300390.SZ,电气设备,2.1700,3.2200,0.2500,0.905,0.417,0.571
R1: pe_rank>0.7,big_win,2021-01-29,合盛硅业,603260.SH,化工原料,1.9700,2.7000,1.0000,0.976,0.976,0.881
R1: pe_rank>0.7,big_win,2021-03-24,锦浪科技,300763.SZ,电气设备,2.5900,2.1830,1.0000,0.73,0.718,0.298
R1: pe_rank>0.7,big_win,2025-07-07,天华新能,300390.SZ,电气设备,2.9400,2.1080,0.6670,0.942,0.411,0.356
R2: pb_rank>0.7,bad_case,2021-07-28,兆威机电,003021.SZ,元器件,3.1300,-0.5930,0.8330,0.937,0.285,0.126
R2: pb_rank>0.7,bad_case,2022-08-03,厦钨新能,688778.SH,电气设备,2.4200,-0.5660,1.0000,0.307,0.925,0.993
R2: pb_rank>0.7,bad_case,2022-07-21,厦钨新能,688778.SH,电气设备,2.1500,-0.5540,0.6670,0.323,1.0,0.999
R2: pb_rank>0.7,bad_case,2021-07-08,科沃斯,603486.SH,家用电器,2.5300,-0.5470,1.0000,0.421,0.992,0.967
R2: pb_rank>0.7,bad_case,2021-06-29,科沃斯,603486.SH,家用电器,3.0300,-0.5120,0.6670,0.413,0.996,0.954
R2: pb_rank>0.7,big_win,2020-12-03,锦浪科技,300763.SZ,电气设备,1.7700,3.2490,1.0000,0.833,0.833,0.731
R2: pb_rank>0.7,big_win,2021-01-29,合盛硅业,603260.SH,化工原料,1.9700,2.7000,1.0000,0.976,0.976,0.881
R2: pb_rank>0.7,big_win,2021-11-24,九安医疗,002432.SZ,医疗保健,2.7600,2.4230,0.5000,0.556,1.0,0.993
R2: pb_rank>0.7,big_win,2025-08-06,天赐材料,002709.SZ,化工原料,3.1300,2.0810,1.0000,0.978,0.708,0.567
R2: pb_rank>0.7,big_win,2021-04-09,长川科技,300604.SZ,半导体,2.1200,1.7380,0.5000,0.877,0.877,0.666
R3: pp>0.7,bad_case,2020-12-31,中公教育,002607.SZ,文教休闲,2.4100,-0.6780,1.0000,0.71,0.718,0.573
R3: pp>0.7,bad_case,2021-01-13,中公教育,002607.SZ,文教休闲,2.7100,-0.6650,1.0000,0.754,0.754,0.348
R3: pp>0.7,bad_case,2021-08-04,捷佳伟创,300724.SZ,专用机械,2.6700,-0.6120,1.0000,0.817,0.976,0.914
R3: pp>0.7,bad_case,2022-08-03,厦钨新能,688778.SH,电气设备,2.4200,-0.5660,1.0000,0.307,0.925,0.993
R3: pp>0.7,bad_case,2022-07-21,厦钨新能,688778.SH,电气设备,2.1500,-0.5540,0.6670,0.323,1.0,0.999
R3: pp>0.7,big_win,2024-11-01,长盛轴承,300718.SZ,机械基件,2.9300,4.5750,0.7500,0.464,0.716,0.763
R3: pp>0.7,big_win,2020-12-03,锦浪科技,300763.SZ,电气设备,1.7700,3.2490,1.0000,0.833,0.833,0.731
R3: pp>0.7,big_win,2021-01-29,合盛硅业,603260.SH,化工原料,1.9700,2.7000,1.0000,0.976,0.976,0.881
R3: pp>0.7,big_win,2021-11-24,九安医疗,002432.SZ,医疗保健,2.7600,2.4230,0.5000,0.556,1.0,0.993
R3: pp>0.7,big_win,2021-03-24,锦浪科技,300763.SZ,电气设备,2.5900,2.1830,1.0000,0.73,0.718,0.298
R4: rps>0.7,bad_case,2021-08-04,捷佳伟创,300724.SZ,专用机械,2.6700,-0.6120,1.0000,0.817,0.976,0.914
R4: rps>0.7,bad_case,2022-08-03,厦钨新能,688778.SH,电气设备,2.4200,-0.5660,1.0000,0.307,0.925,0.993
R4: rps>0.7,bad_case,2022-07-21,厦钨新能,688778.SH,电气设备,2.1500,-0.5540,0.6670,0.323,1.0,0.999
R4: rps>0.7,bad_case,2021-07-08,科沃斯,603486.SH,家用电器,2.5300,-0.5470,1.0000,0.421,0.992,0.967
R4: rps>0.7,bad_case,2021-06-29,科沃斯,603486.SH,家用电器,3.0300,-0.5120,0.6670,0.413,0.996,0.954
R4: rps>0.7,big_win,2024-11-01,长盛轴承,300718.SZ,机械基件,2.9300,4.5750,0.7500,0.464,0.716,0.763
R4: rps>0.7,big_win,2025-08-08,信维通信,300136.SZ,元器件,2.9700,3.7730,0.6670,0.401,0.571,0.767
R4: rps>0.7,big_win,2024-10-16,长盛轴承,300718.SZ,机械基件,3.0400,3.2850,0.3330,0.429,0.573,0.84
R4: rps>0.7,big_win,2020-12-03,锦浪科技,300763.SZ,电气设备,1.7700,3.2490,1.0000,0.833,0.833,0.731
R4: rps>0.7,big_win,2023-01-04,中航成飞,302132.SZ,航空,3.2100,3.0660,0.2500,0.258,0.258,0.763
R5: al_rank>0.8,bad_case,2020-12-31,中公教育,002607.SZ,文教休闲,2.4100,-0.6780,1.0000,0.71,0.718,0.573
R5: al_rank>0.8,bad_case,2021-01-13,中公教育,002607.SZ,文教休闲,2.7100,-0.6650,1.0000,0.754,0.754,0.348
R5: al_rank>0.8,bad_case,2021-08-04,捷佳伟创,300724.SZ,专用机械,2.6700,-0.6120,1.0000,0.817,0.976,0.914
R5: al_rank>0.8,bad_case,2021-07-28,兆威机电,003021.SZ,元器件,3.1300,-0.5930,0.8330,0.937,0.285,0.126
R5: al_rank>0.8,bad_case,2021-08-19,恒玄科技,688608.SH,半导体,2.8200,-0.5690,1.0000,0.247,0.482,0.688
R5: al_rank>0.8,big_win,2021-05-11,德业股份,605117.SH,电气设备,3.0200,3.4310,1.0000,,,
R5: al_rank>0.8,big_win,2020-12-03,锦浪科技,300763.SZ,电气设备,1.7700,3.2490,1.0000,0.833,0.833,0.731
R5: al_rank>0.8,big_win,2021-01-29,合盛硅业,603260.SH,化工原料,1.9700,2.7000,1.0000,0.976,0.976,0.881
R5: al_rank>0.8,big_win,2025-06-10,英维克,002837.SZ,专用机械,2.7900,2.6260,1.0000,0.492,0.393,0.004
R5: al_rank>0.8,big_win,2025-04-16,东山精密,002384.SZ,元器件,3.0200,2.5410,1.0000,0.425,0.425,0.03
R6: pe>0.7+pp>0.7,bad_case,2020-12-31,中公教育,002607.SZ,文教休闲,2.4100,-0.6780,1.0000,0.71,0.718,0.573
R6: pe>0.7+pp>0.7,bad_case,2021-01-13,中公教育,002607.SZ,文教休闲,2.7100,-0.6650,1.0000,0.754,0.754,0.348
R6: pe>0.7+pp>0.7,bad_case,2021-08-04,捷佳伟创,300724.SZ,专用机械,2.6700,-0.6120,1.0000,0.817,0.976,0.914
R6: pe>0.7+pp>0.7,bad_case,2023-02-20,锦江酒店,600754.SH,酒店餐饮,2.8200,-0.5060,1.0000,0.996,0.996,0.932
R6: pe>0.7+pp>0.7,bad_case,2021-10-29,彤程新材,603650.SH,化工原料,3.1100,-0.4970,0.8890,0.853,0.853,0.109
R6: pe>0.7+pp>0.7,big_win,2020-12-03,锦浪科技,300763.SZ,电气设备,1.7700,3.2490,1.0000,0.833,0.833,0.731
R6: pe>0.7+pp>0.7,big_win,2021-01-29,合盛硅业,603260.SH,化工原料,1.9700,2.7000,1.0000,0.976,0.976,0.881
R6: pe>0.7+pp>0.7,big_win,2021-03-24,锦浪科技,300763.SZ,电气设备,2.5900,2.1830,1.0000,0.73,0.718,0.298
R6: pe>0.7+pp>0.7,big_win,2025-08-06,天赐材料,002709.SZ,化工原料,3.1300,2.0810,1.0000,0.978,0.708,0.567
R6: pe>0.7+pp>0.7,big_win,2021-04-07,中矿资源,002738.SZ,小金属,3.0300,1.9060,0.6670,0.75,0.732,0.101
R7: pe>0.7+rps>0.7,bad_case,2021-08-04,捷佳伟创,300724.SZ,专用机械,2.6700,-0.6120,1.0000,0.817,0.976,0.914
R7: pe>0.7+rps>0.7,bad_case,2023-02-20,锦江酒店,600754.SH,酒店餐饮,2.8200,-0.5060,1.0000,0.996,0.996,0.932
R7: pe>0.7+rps>0.7,bad_case,2021-08-27,乐鑫科技,688018.SH,半导体,2.1800,-0.4960,0.6670,0.806,0.806,0.767
R7: pe>0.7+rps>0.7,bad_case,2022-01-14,晶晨股份,688099.SH,半导体,1.7800,-0.4910,0.5000,0.817,0.817,0.735
R7: pe>0.7+rps>0.7,bad_case,2021-10-14,九号公司-WD,689009.SH,摩托车,2.7300,-0.4810,0.5000,0.899,0.845,0.904
R7: pe>0.7+rps>0.7,big_win,2020-12-03,锦浪科技,300763.SZ,电气设备,1.7700,3.2490,1.0000,0.833,0.833,0.731
R7: pe>0.7+rps>0.7,big_win,2021-01-29,合盛硅业,603260.SH,化工原料,1.9700,2.7000,1.0000,0.976,0.976,0.881
R7: pe>0.7+rps>0.7,big_win,2022-09-27,太辰光,300570.SZ,通信设备,3.4000,1.9640,0.5000,0.752,0.563,0.938
R7: pe>0.7+rps>0.7,big_win,2022-10-13,太辰光,300570.SZ,通信设备,3.4900,1.8790,0.8000,0.782,0.603,0.87
R7: pe>0.7+rps>0.7,big_win,2024-05-15,全志科技,300458.SZ,半导体,3.2800,1.6840,1.0000,0.956,0.183,0.825
R8: pp>0.7+rps>0.7,bad_case,2021-08-04,捷佳伟创,300724.SZ,专用机械,2.6700,-0.6120,1.0000,0.817,0.976,0.914
R8: pp>0.7+rps>0.7,bad_case,2022-08-03,厦钨新能,688778.SH,电气设备,2.4200,-0.5660,1.0000,0.307,0.925,0.993
R8: pp>0.7+rps>0.7,bad_case,2022-07-21,厦钨新能,688778.SH,电气设备,2.1500,-0.5540,0.6670,0.323,1.0,0.999
R8: pp>0.7+rps>0.7,bad_case,2021-07-08,科沃斯,603486.SH,家用电器,2.5300,-0.5470,1.0000,0.421,0.992,0.967
R8: pp>0.7+rps>0.7,bad_case,2021-06-29,科沃斯,603486.SH,家用电器,3.0300,-0.5120,0.6670,0.413,0.996,0.954
R8: pp>0.7+rps>0.7,big_win,2024-11-01,长盛轴承,300718.SZ,机械基件,2.9300,4.5750,0.7500,0.464,0.716,0.763
R8: pp>0.7+rps>0.7,big_win,2020-12-03,锦浪科技,300763.SZ,电气设备,1.7700,3.2490,1.0000,0.833,0.833,0.731
R8: pp>0.7+rps>0.7,big_win,2021-01-29,合盛硅业,603260.SH,化工原料,1.9700,2.7000,1.0000,0.976,0.976,0.881
R8: pp>0.7+rps>0.7,big_win,2021-11-24,九安医疗,002432.SZ,医疗保健,2.7600,2.4230,0.5000,0.556,1.0,0.993
R8: pp>0.7+rps>0.7,big_win,2022-01-12,石英股份,603688.SH,矿物制品,1.5100,1.4870,1.0000,0.837,0.837,0.901
R9: pe>0.7+pp>0.7+rps>0.7,bad_case,2021-08-04,捷佳伟创,300724.SZ,专用机械,2.6700,-0.6120,1.0000,0.817,0.976,0.914
R9: pe>0.7+pp>0.7+rps>0.7,bad_case,2023-02-20,锦江酒店,600754.SH,酒店餐饮,2.8200,-0.5060,1.0000,0.996,0.996,0.932
R9: pe>0.7+pp>0.7+rps>0.7,bad_case,2021-08-27,乐鑫科技,688018.SH,半导体,2.1800,-0.4960,0.6670,0.806,0.806,0.767
R9: pe>0.7+pp>0.7+rps>0.7,bad_case,2022-01-14,晶晨股份,688099.SH,半导体,1.7800,-0.4910,0.5000,0.817,0.817,0.735
R9: pe>0.7+pp>0.7+rps>0.7,bad_case,2021-10-14,九号公司-WD,689009.SH,摩托车,2.7300,-0.4810,0.5000,0.899,0.845,0.904
R9: pe>0.7+pp>0.7+rps>0.7,big_win,2020-12-03,锦浪科技,300763.SZ,电气设备,1.7700,3.2490,1.0000,0.833,0.833,0.731
R9: pe>0.7+pp>0.7+rps>0.7,big_win,2021-01-29,合盛硅业,603260.SH,化工原料,1.9700,2.7000,1.0000,0.976,0.976,0.881
R9: pe>0.7+pp>0.7+rps>0.7,big_win,2022-01-12,石英股份,603688.SH,矿物制品,1.5100,1.4870,1.0000,0.837,0.837,0.901
R9: pe>0.7+pp>0.7+rps>0.7,big_win,2021-10-28,石英股份,603688.SH,矿物制品,2.3400,1.4240,0.6000,1.0,1.0,0.978
R9: pe>0.7+pp>0.7+rps>0.7,big_win,2025-01-03,厦钨新能,688778.SH,电气设备,3.0100,1.3640,0.6670,0.837,0.837,0.926
R10: al>0.8+pe>0.7+pp>0.7+rps>0.7,bad_case,2021-08-04,捷佳伟创,300724.SZ,专用机械,2.6700,-0.6120,1.0000,0.817,0.976,0.914
R10: al>0.8+pe>0.7+pp>0.7+rps>0.7,bad_case,2023-02-20,锦江酒店,600754.SH,酒店餐饮,2.8200,-0.5060,1.0000,0.996,0.996,0.932
R10: al>0.8+pe>0.7+pp>0.7+rps>0.7,bad_case,2021-08-31,彤程新材,603650.SH,化工原料,2.9400,-0.4770,1.0000,0.913,0.905,0.785
R10: al>0.8+pe>0.7+pp>0.7+rps>0.7,bad_case,2023-04-12,全志科技,300458.SZ,半导体,2.7200,-0.4410,1.0000,0.992,0.933,0.965
R10: al>0.8+pe>0.7+pp>0.7+rps>0.7,bad_case,2021-08-30,瑞芯微,603893.SH,半导体,2.3600,-0.4260,1.0000,0.881,0.881,0.89
R10: al>0.8+pe>0.7+pp>0.7+rps>0.7,big_win,2020-12-03,锦浪科技,300763.SZ,电气设备,1.7700,3.2490,1.0000,0.833,0.833,0.731
R10: al>0.8+pe>0.7+pp>0.7+rps>0.7,big_win,2021-01-29,合盛硅业,603260.SH,化工原料,1.9700,2.7000,1.0000,0.976,0.976,0.881
R10: al>0.8+pe>0.7+pp>0.7+rps>0.7,big_win,2022-01-12,石英股份,603688.SH,矿物制品,1.5100,1.4870,1.0000,0.837,0.837,0.901
R10: al>0.8+pe>0.7+pp>0.7+rps>0.7,big_win,2021-06-10,合盛硅业,603260.SH,化工原料,1.8200,1.1370,1.0000,0.956,1.0,0.883
R10: al>0.8+pe>0.7+pp>0.7+rps>0.7,big_win,2021-03-10,晶盛机电,300316.SZ,专用机械,2.0200,1.1300,1.0000,0.784,0.78,0.792
R11: al>0.8+pp>0.7+rps>0.7,bad_case,2021-08-04,捷佳伟创,300724.SZ,专用机械,2.6700,-0.6120,1.0000,0.817,0.976,0.914
R11: al>0.8+pp>0.7+rps>0.7,bad_case,2022-08-03,厦钨新能,688778.SH,电气设备,2.4200,-0.5660,1.0000,0.307,0.925,0.993
R11: al>0.8+pp>0.7+rps>0.7,bad_case,2021-07-08,科沃斯,603486.SH,家用电器,2.5300,-0.5470,1.0000,0.421,0.992,0.967
R11: al>0.8+pp>0.7+rps>0.7,bad_case,2023-02-20,锦江酒店,600754.SH,酒店餐饮,2.8200,-0.5060,1.0000,0.996,0.996,0.932
R11: al>0.8+pp>0.7+rps>0.7,bad_case,2021-08-31,彤程新材,603650.SH,化工原料,2.9400,-0.4770,1.0000,0.913,0.905,0.785
R11: al>0.8+pp>0.7+rps>0.7,big_win,2020-12-03,锦浪科技,300763.SZ,电气设备,1.7700,3.2490,1.0000,0.833,0.833,0.731
R11: al>0.8+pp>0.7+rps>0.7,big_win,2021-01-29,合盛硅业,603260.SH,化工原料,1.9700,2.7000,1.0000,0.976,0.976,0.881
R11: al>0.8+pp>0.7+rps>0.7,big_win,2022-01-12,石英股份,603688.SH,矿物制品,1.5100,1.4870,1.0000,0.837,0.837,0.901
R11: al>0.8+pp>0.7+rps>0.7,big_win,2021-06-09,锦浪科技,300763.SZ,电气设备,2.4500,1.1390,1.0000,0.218,0.885,0.897
R11: al>0.8+pp>0.7+rps>0.7,big_win,2021-06-10,合盛硅业,603260.SH,化工原料,1.8200,1.1370,1.0000,0.956,1.0,0.883
"R12: al>0.8+max(pe,pb)>0.7+pp>0.7",bad_case,2020-12-31,中公教育,002607.SZ,文教休闲,2.4100,-0.6780,1.0000,0.71,0.718,0.573
"R12: al>0.8+max(pe,pb)>0.7+pp>0.7",bad_case,2021-01-13,中公教育,002607.SZ,文教休闲,2.7100,-0.6650,1.0000,0.754,0.754,0.348
"R12: al>0.8+max(pe,pb)>0.7+pp>0.7",bad_case,2021-08-04,捷佳伟创,300724.SZ,专用机械,2.6700,-0.6120,1.0000,0.817,0.976,0.914
"R12: al>0.8+max(pe,pb)>0.7+pp>0.7",bad_case,2022-08-03,厦钨新能,688778.SH,电气设备,2.4200,-0.5660,1.0000,0.307,0.925,0.993
"R12: al>0.8+max(pe,pb)>0.7+pp>0.7",bad_case,2021-07-08,科沃斯,603486.SH,家用电器,2.5300,-0.5470,1.0000,0.421,0.992,0.967
"R12: al>0.8+max(pe,pb)>0.7+pp>0.7",big_win,2020-12-03,锦浪科技,300763.SZ,电气设备,1.7700,3.2490,1.0000,0.833,0.833,0.731
"R12: al>0.8+max(pe,pb)>0.7+pp>0.7",big_win,2021-01-29,合盛硅业,603260.SH,化工原料,1.9700,2.7000,1.0000,0.976,0.976,0.881
"R12: al>0.8+max(pe,pb)>0.7+pp>0.7",big_win,2021-03-24,锦浪科技,300763.SZ,电气设备,2.5900,2.1830,1.0000,0.73,0.718,0.298
"R12: al>0.8+max(pe,pb)>0.7+pp>0.7",big_win,2025-08-06,天赐材料,002709.SZ,化工原料,3.1300,2.0810,1.0000,0.978,0.708,0.567
"R12: al>0.8+max(pe,pb)>0.7+pp>0.7",big_win,2022-02-14,石英股份,603688.SH,矿物制品,1.6000,1.5550,1.0000,0.738,0.738,0.233
