dataset,group,total_n,top5_n,top5_mean_ret,top5_fp_rate,top5_bw_rate
daily,IT设备,9834,521,0.4086131,0.33589251439539347,0.32629558541266795
daily,专用机械,21497,1675,0.2712173,0.4955223880597015,0.20059701492537313
daily,中成药,13805,149,0.03903855,0.785234899328859,0.053691275167785234
daily,互联网,10356,485,0.37741864,0.25773195876288657,0.24536082474226803
daily,仓储物流,8089,305,0.12710848,0.4163934426229508,0.0
daily,供气供热,2280,39,0.007664795,0.9743589743589743,0.0
daily,元器件,49317,4878,0.292753,0.46432964329643295,0.1972119721197212
daily,全国地产,5715,94,-0.15399982,1.0,0.0
daily,其他建材,3453,258,-0.07285769,0.8062015503875969,0.0
daily,农业综合,4598,87,0.054287225,0.5632183908045977,0.0
daily,农药化肥,7864,160,0.27175534,0.5,0.2875
daily,出版业,4447,455,0.0073414887,0.8197802197802198,0.0
daily,化学制药,22004,928,0.10137634,0.5452586206896551,0.13900862068965517
daily,化工原料,26219,1783,0.23977222,0.4913067863151991,0.17947279865395402
daily,化工机械,2302,195,0.15390828,0.5487179487179488,0.020512820512820513
daily,化纤,8863,321,0.13819093,0.5202492211838006,0.024922118380062305
daily,区域地产,2302,94,-0.1442284,0.9361702127659575,0.0
daily,医疗保健,22142,1317,0.20326294,0.5353075170842825,0.1829916476841306
daily,医药商业,5755,286,-0.2605539,0.9755244755244755,0.0
daily,半导体,53187,3310,0.29831994,0.5175226586102719,0.21933534743202418
daily,啤酒,4604,282,0.1566222,0.32978723404255317,0.0035460992907801418
daily,塑料,2302,251,-0.13957226,0.952191235059761,0.0
daily,多元金融,11241,277,0.00061968516,0.703971119133574,0.0
daily,家居用品,2315,75,-0.16375732,0.9733333333333334,0.0
daily,家用电器,13802,876,0.1460721,0.5342465753424658,0.1187214611872146
daily,小金属,18396,567,0.5841846,0.2874779541446208,0.42680776014109345
daily,工程机械,11307,659,0.102394484,0.5280728376327769,0.018209408194233688
daily,广告包装,3453,141,0.29470795,0.6524822695035462,0.15602836879432624
daily,建筑工程,16997,353,0.029648405,0.7818696883852692,0.059490084985835696
daily,影视音像,6896,259,0.08156633,0.6332046332046332,0.07335907335907337
daily,摩托车,5626,904,0.20592025,0.49336283185840707,0.11946902654867257
daily,文教休闲,2302,61,-0.45757037,1.0,0.0
daily,新型电力,12364,433,0.03174512,0.7967667436489607,0.013856812933025405
daily,日用化工,2226,105,0.13989235,0.4857142857142857,0.0
daily,普钢,10318,618,0.0050990838,0.8171521035598706,0.0
daily,服饰,3356,31,0.05931933,0.45161290322580644,0.0
daily,机场,3432,77,-0.115830384,1.0,0.0
daily,机械基件,3453,732,0.9155041,0.47950819672131145,0.2677595628415301
daily,染料涂料,2302,76,-0.03379366,0.9473684210526315,0.0
daily,水力发电,6862,461,0.11510466,0.7852494577006508,0.16268980477223427
daily,水务,2302,22,0.10525396,0.6818181818181818,0.0
daily,水泥,2302,69,0.018089496,0.9130434782608695,0.028985507246376812
daily,水运,5743,322,0.14428505,0.577639751552795,0.08074534161490683
daily,汽车整车,10357,378,0.07950169,0.5714285714285714,0.06084656084656084
daily,汽车服务,1151,46,0.047828317,0.6956521739130435,0.0
daily,汽车配件,23060,2978,0.22569446,0.4865681665547347,0.1356615177971793
daily,港口,9170,364,-0.010515599,0.9532967032967034,0.0
daily,火力发电,16634,756,0.10863198,0.671957671957672,0.03571428571428571
daily,焦炭加工,1151,17,0.62532043,0.5294117647058824,0.47058823529411764
daily,煤炭开采,16065,454,0.06156449,0.6563876651982379,0.00881057268722467
daily,特种钢,4604,96,0.16006948,0.4166666666666667,0.03125
daily,环境保护,5725,348,0.06608004,0.5977011494252874,0.0
daily,玻璃,4584,416,0.22888319,0.3245192307692308,0.10576923076923077
daily,生物制药,21344,966,0.10322888,0.6904761904761905,0.09937888198757763
daily,电信运营,4160,196,0.095376305,0.5,0.0
daily,电器仪表,4604,208,0.20278531,0.5192307692307693,0.14423076923076922
daily,电气设备,51283,4187,0.44379067,0.3522808693575352,0.3181275376164318
daily,白酒,9208,98,-0.048622955,0.9591836734693877,0.0
daily,百货,2302,269,0.00023739046,0.7509293680297398,0.12267657992565056
daily,石油加工,3453,40,0.041674428,0.8,0.0
daily,石油开采,7721,471,0.113824375,0.583864118895966,0.021231422505307854
daily,矿物制品,3453,140,0.6962648,0.19285714285714287,0.4857142857142857
daily,红黄酒,1151,16,0.043435562,0.625,0.0625
daily,综合类,1142,96,0.08186995,0.5104166666666666,0.0
daily,航空,17016,694,0.65628445,0.4783861671469741,0.2723342939481268
daily,船舶,4556,114,0.20546542,0.2894736842105263,0.008771929824561403
daily,证券,49206,34,0.13130803,0.4411764705882353,0.0
daily,路桥,3453,36,0.16180271,0.3333333333333333,0.0
daily,软件服务,31258,2171,0.2324156,0.4173192077383694,0.1174573929064947
daily,软饮料,2185,159,0.2746907,0.22641509433962265,0.012578616352201259
daily,轻工机械,1151,54,0.33375722,0.037037037037037035,0.037037037037037035
daily,运输设备,6717,289,0.15437399,0.3875432525951557,0.006920415224913495
daily,通信设备,24083,1526,0.37967026,0.48623853211009177,0.22346002621231978
daily,造纸,1151,99,0.013402224,0.8282828282828283,0.0
daily,酒店餐饮,1151,212,-0.09190299,0.8207547169811321,0.0
daily,铁路,4414,141,-0.054781806,1.0,0.0
daily,铅锌,3453,167,0.26195124,0.23353293413173654,0.09580838323353294
daily,铜,9170,361,0.18453811,0.4903047091412742,0.09418282548476455
daily,铝,5735,50,0.22246177,0.7,0.2
daily,银行,34192,19,0.026318619,0.7894736842105263,0.0
daily,陶瓷,1151,232,0.15838645,0.5560344827586207,0.07327586206896551
daily,食品,10267,636,-6.368625e-05,0.7264150943396226,0.026729559748427674
daily,饲料,5097,129,0.058411412,0.49612403100775193,0.0
daily,黄金,5733,60,0.19010383,0.5666666666666667,0.23333333333333334
monthly,IT设备,489,56,0.43242985,0.30357142857142855,0.2857142857142857
monthly,专用机械,1069,220,0.26804358,0.4636363636363636,0.16818181818181818
monthly,中成药,684,33,0.093196,0.6060606060606061,0.06060606060606061
monthly,互联网,513,62,0.37938535,0.2903225806451613,0.25806451612903225
monthly,仓储物流,402,48,0.0861718,0.4791666666666667,0.0
monthly,元器件,2449,547,0.28948084,0.453382084095064,0.19012797074954296
monthly,全国地产,285,10,-0.16655529,1.0,0.0
monthly,其他建材,171,35,-0.0015827315,0.6571428571428571,0.0
monthly,农业综合,228,16,0.08752233,0.5625,0.0
monthly,农药化肥,391,35,0.2090419,0.6285714285714286,0.2
monthly,出版业,221,40,0.0017460153,0.825,0.0
monthly,化学制药,1091,128,0.11091125,0.5546875,0.1640625
monthly,化工原料,1303,205,0.258609,0.5073170731707317,0.17560975609756097
monthly,化工机械,114,23,0.3233165,0.30434782608695654,0.08695652173913043
monthly,化纤,440,55,0.05524362,0.6545454545454545,0.0
monthly,区域地产,114,14,-0.15234503,0.9285714285714286,0.0
monthly,医疗保健,1098,167,0.21356562,0.5449101796407185,0.1497005988023952
monthly,医药商业,285,34,-0.16461995,0.9117647058823529,0.0
monthly,半导体,2657,396,0.2757989,0.5353535353535354,0.19444444444444445
monthly,啤酒,228,30,0.12683032,0.36666666666666664,0.0
monthly,塑料,114,21,-0.112170875,0.9047619047619048,0.0
monthly,多元金融,558,49,0.03492192,0.6938775510204082,0.0
monthly,家居用品,116,14,-0.108539395,0.9285714285714286,0.0
monthly,家用电器,684,119,0.15855674,0.4789915966386555,0.12605042016806722
monthly,小金属,912,76,0.43093073,0.3815789473684211,0.2894736842105263
monthly,工程机械,564,86,0.07985543,0.6046511627906976,0.023255813953488372
monthly,广告包装,171,27,0.37620005,0.48148148148148145,0.18518518518518517
monthly,建筑工程,846,59,0.104056165,0.711864406779661,0.06779661016949153
monthly,影视音像,342,43,0.05742661,0.6511627906976745,0.046511627906976744
monthly,摩托车,279,85,0.26135603,0.49411764705882355,0.1411764705882353
monthly,新型电力,617,61,0.013478881,0.8032786885245902,0.03278688524590164
monthly,日用化工,111,13,0.08561867,0.6923076923076923,0.0
monthly,普钢,513,68,0.016172146,0.8235294117647058,0.0
monthly,机场,171,10,-0.13164599,1.0,0.0
monthly,机械基件,171,53,0.72785485,0.49056603773584906,0.24528301886792453
monthly,染料涂料,114,18,-0.02088244,0.8333333333333334,0.0
monthly,水力发电,342,34,0.08431716,0.8529411764705882,0.14705882352941177
monthly,水泥,114,13,0.13468152,0.7692307692307693,0.07692307692307693
monthly,水运,285,34,0.15281901,0.5588235294117647,0.11764705882352941
monthly,汽车整车,513,49,0.10712462,0.5510204081632653,0.10204081632653061
monthly,汽车服务,57,10,0.053605128,0.6,0.0
monthly,汽车配件,1143,277,0.23580644,0.4584837545126354,0.1552346570397112
monthly,港口,456,45,0.0029017872,0.8444444444444444,0.0
monthly,火力发电,827,105,0.13867432,0.6,0.047619047619047616
monthly,煤炭开采,798,62,0.06104816,0.7096774193548387,0.016129032258064516
monthly,特种钢,228,23,0.14789249,0.43478260869565216,0.043478260869565216
monthly,环境保护,285,46,0.037006058,0.6739130434782609,0.0
monthly,玻璃,228,41,0.20683612,0.3902439024390244,0.14634146341463414
monthly,生物制药,1059,134,0.10693495,0.6492537313432836,0.1044776119402985
monthly,电信运营,207,28,0.11031575,0.4642857142857143,0.0
monthly,电器仪表,228,34,0.23822056,0.5,0.14705882352941177
monthly,电气设备,2547,454,0.40300363,0.3656387665198238,0.2907488986784141
monthly,白酒,456,15,-0.04413717,0.9333333333333333,0.0
monthly,百货,114,35,-0.037532486,0.8,0.08571428571428572
monthly,石油开采,383,50,0.095711574,0.66,0.02
monthly,矿物制品,171,21,0.3715636,0.47619047619047616,0.2857142857142857
monthly,综合类,57,13,0.12776132,0.38461538461538464,0.0
monthly,航空,848,85,0.46417093,0.4823529411764706,0.21176470588235294
monthly,船舶,228,18,0.17491126,0.4444444444444444,0.0
monthly,证券,2451,12,0.11033893,0.4166666666666667,0.0
monthly,路桥,171,12,0.15160443,0.4166666666666667,0.0
monthly,软件服务,1551,237,0.27422184,0.39662447257383965,0.16033755274261605
monthly,软饮料,109,13,0.3358906,0.15384615384615385,0.07692307692307693
monthly,轻工机械,57,10,0.24179459,0.1,0.1
monthly,运输设备,333,46,0.14610639,0.43478260869565216,0.043478260869565216
monthly,通信设备,1194,172,0.35070598,0.5290697674418605,0.1744186046511628
monthly,造纸,57,13,0.0003493245,0.8461538461538461,0.0
monthly,酒店餐饮,57,22,-0.08757338,0.7727272727272727,0.0
monthly,铁路,219,21,-0.04779281,1.0,0.0
monthly,铅锌,171,19,0.23721482,0.3157894736842105,0.10526315789473684
monthly,铜,456,41,0.21297845,0.3902439024390244,0.07317073170731707
monthly,铝,285,14,0.25646216,0.5714285714285714,0.21428571428571427
monthly,陶瓷,57,20,0.12436028,0.65,0.1
monthly,食品,509,80,0.121582195,0.65,0.0875
monthly,饲料,253,25,0.047510214,0.56,0.0
monthly,黄金,285,13,0.22709695,0.46153846153846156,0.3076923076923077
